UCAAGUGUAGUAUCUGUUCUU,1
GCCUUUUCUUUGUUUGUAACU,1
CCCCCGCCUUUUUUUCUGUUG,0
AAGUGUAGUAUCUGUUCUUAU,1
CAAUAACUCAUUCCUACAGCC,0
AAAUCCUUUCUAAAUUGCAUG,1
CAGCUGGGAGUUAAAUACUCU,0
UCUCUCUCUCUCUCUCUCUCU,0
UUUUCAUCACUAUGGCUUAGC,1
GUGUAGUAUCUGUUCUUAUCA,1
UCUUAACUCUUGGGGCUGGUA,0
GUAACCAGUCUGUGGGAAGUA,0
CCACCCUCUUUUAAGUAGAUU,0
AGCCUUCAGAUGAAGGGGGGG,0
AUGAUUCUAUUAUAGUAUUCU,1
GUGAUAUAACUCAGUGGCAGA,0
AAGACAUGAAUAAGAACUGAU,1
AAACUAUCGCUUCUCGGCCUU,1
UAGGGUCGCCUUAAGUCAACA,0
CCGAAUCAACUUUGCCGUGUU,1
GCUAAACAGGUACUGCUGGGC,1
AGGCAGACAGUAGGAAGAGUA,0
UGAACACGUAUGCCAAUGGAC,0
GACUCAAAGUUACUCUCCUUC,1
AGUAAUCGCUUCUCGGCCUUU,1
UCACUGUGGGUCUGGGCUUUA,0
CACCAUGGUGUCUGGGAGCAC,0
UGGAUCACUUUGCAUCAGUAG,0
UCGGGCCUAGUUCAAACCUUU,1
GGCUGGUAAAUUGAAAUACUG,0
UGAAAGUAACUUUGCCCGAGC,1
UCAAGUGUAGUAUCUGUUCUU,1
AGAUCAAGUGUAGUAUCUGUU,1
GAUGUAUUGUUUGCACUCUUC,1
CUAAGAGGUUUGUUGUCCUAU,0
GUGGAAUGAAUAGACUUAACU,0
UCAAGUGUAGUAUCUGUUCUU,1
CAUUUCUGAAUUCAGAUGUAU,0
GGGAGAGCGUUAGACUGAAGA,1
AGCCAUCAGGUAAGCCAAGAU,1
UUGUCGGUGUUAACAAAAUGG,1
GACCAUGUCUUGAAAAGACAA,0
GCGCCCCAAUUAUUAUGACUG,1
CUUCUCGGCCUUUUGGCUAAG,1
CAUAAAAAGUUUUUUCUUCAG,1
CUUUUCUCUCUCUUCCUGAAA,0
ACCAUAUGUUUAGAAAUAAAA,0
UAGUAUCUGUUCUUAUCAGUU,1
AGUAACAAGUUCAGGUUCACC,0
UUUUAUUAUUUGGAUGAAUAU,1
UAGCUAUCGCUUCUCGGCCUU,1
ACUGAAGUGUUCCCAAAGCUA,0
GCAACAGAGUUCAACUAUCUC,1
GCAAAGUCACUCUAUUCUGAU,0
UCCUGAGAGUUCACGCUGAGC,0
UUCCUUCAAAUAAAAAAAAAU,0
GUGACCAGAAUAGUAACUAAA,0
GUAGUAUCUGUUCUUAUCAGU,1
UGUUCUGUUGUUGUCAAGUGC,0
GCUAUUCCAUUGUUCCUGUAC,0
CAAAAUGACUUUCGUUCUUCU,1
GGGUCCGGACUGUUUGACACU,0
AAUUUCAAAAUUGCAGAGAAA,0
AUGGAAAUCCUUUUGUUUUGU,0
GUUUAUUUCAUUGUUUUUAUU,0
CUCUUACCUGUUAAAAUCAGG,1
UCAAGUGUAGUAUCUGUUCUU,1
GACGUGUCUGUUGUUUCUCAA,0
UUCUCCAUGAUUCGUGCAUCU,1
GCAUCAAAACUUCACUUUUUG,1
UCCUCUAUAGUUAACCACAUU,0
UUCAGAUACUUACAUAGUUUU,1
UGUUCUGAGUUCUACUGUCUU,0
UGUUUUUGUAUUGUUGCUCCU,1
UAUACUAAAAUUGGAACGAUA,1
GUGGAACCUCUCUAGUUAAAA,0
AUUGGUGGUAUAGUGGUGAGC,1
CCUCCUUUUCUGAGGAAGGUG,1
UUUGCAAGACUCCUAGUACCU,0
CGAUCCGAGUUCAAAUCUCGG,1
UCCCAUGGUGUAAUGGUUAGC,1
AAAUGAUGACUGAUGCUACUA,0
GAGGACAAUAUAUUAAAUGGA,1
GCAGCUGCCUUUCCAACAGCC,1
AACUAUCGCUUCUCGGCCUUU,1
UAGGUUCCUGUUGCUUGCCAU,0
AUUGGAACGAUACAGAGAAGA,1
UUAAACAGUUUCAUUUGGAAG,0
GACCAUCACAUAUUUCCUGGU,0
AUGUUGAAUUUAUUUGCUUAA,0
UGUAAUAUUUUAUCCCUGGAC,1
GGCUCCAGGAUCCUAAGGGAC,0
GUGGUUGACUUUGGGUUUCUU,0
AGAGAGAGAAUGAGAAUCAUC,0
CUAAUUAUGCUGGACUGUUUU,1
UUAUUGAGUGUCUACUGUGUG,1
CUUGUUCCUGUACUCACUGUA,0
GGUCCCUGGUUCGAUCCCGGG,1
AACAGACACAUUACUUGAACU,0
GGCCUUGGAUUUCAUCCCCAG,0
GUUAGCACUCUGGACUUUGAA,1
UUCUUUUUUUUGGCCUUUCUC,1
UGUGUAAAGGUUUGGUUCUCA,0
AUUUCUUCCAUUUUUAAUUAA,0
GGCCGGUCUGUAGCGGAUCAC,1
AGACUAUACUUUCAGGGAUCA,1
AGAGUAUGGAUUCCGAUAUGA,1
CUAUCAUAGUUGGGUUUAAGA,0
AAGUGUAGUAUCUGUUCUUAU,1
UAAGGCUUUAUUGUCUCCUAA,0
UAAGUUAUUUUGCUCUCACUG,1
CAUUAUCGCUUCUCGGCCUUU,1
GACCUAACUUUGGAUACUUUU,0
AGGAUCAUUAUGAAAGAUGAA,0
GGACUUUGAAUCCAGCGAUCC,1
UUUAGAGGAAUAGGGAAAGUG,0
UGGAAGUCUUUUCCUUUAAAG,0
GAUAAAAGGCUAAUAUCCAGA,1
GACUUUCAAUUAUCUGUGUGA,1
GGAGAGGGAGUGGGAACAGGA,0
GAUAAACUGUUACGCAUAUAU,1
UGGGAGAGCGUUAGACUGAAG,1
CCCAAAGGUUUACUUAAUGUU,0
GUCACAAUAAUCAUCAUUUCA,0
CCCUGGAGGUUCCAAUCCUGC,1
UGUUUAAACAUUGGAUUUAAC,0
AUUGGAACGAUACAGAGAAGA,1
CUACCCACCUUUCCCAGAAGU,1
CCAUUAUCGCUUCUCGGCCUU,1
UGUAGGUGGGUAGUAGGUGAG,0
UAAAUUUUGUUAUGCAAUUAA,0
CACAAUUGCAUGUGGAAGCUG,0
GGGCCUCAGUUAGCUCUCAAG,1
AGACCCUCAUUUUAGCUGCCU,0
UCAGCCACCCUACCCUACUUG,0
AGACUGAAGAUCUAAAGGUCC,1
CACUCAAUACUUACCUGGCAG,1
CAAAUGUGGCUCUAAAUUUUA,0
UUAAAUUGCAUCUCCCUCAUU,0
UCAAGUGUAGUAUCUGUUCUU,1
UCUGCUCCCGUGUUACAGUGU,0
AUGUGUUUGUUUGUUUGUUUG,0
AUCCAUCGCUUCUCGGCCUUU,1
GGACCCCACCUAAAAGUAUAA,0
CAUUUGCUGUUACUCUGGAGA,1
AUUGUUGAUAUUUGCCCAGCA,1
ACAUUACCCCUCCCUUCCCGC,0
GGACAAUAUAUUAAAUGGAUU,1
UGUGUGCUUCUGUCCUACUAC,0
AUAUUUCUCAUUUCUUUUAGU,1
ACUCAAUACUUACCUGGCAGG,1
AUUGGAACGAUACAGAGAAGA,1
GUAAAAGGGUUACUCUCAUAC,1
CUGGCUGCUGUAGGUCUUUUC,1
ACCAACGAUCUGCUUGUGAAC,0
GAUGAAUGCUUUCUCAAAAGU,0
ACUAUUCUGUUAAAAUCAGGA,1
GUGUAGUAUCUGUUCUUAUCA,1
CUUCUCGGCCUUUUGGCUAAG,1
UCAUUUUAUGUAUAUUUAUCA,1
AAAGUAGAGCUAGGACCCACU,0
UGUGUAGCAAUGGUGUCCAGG,0
UCACAGAUGCUCCAGCAGGCA,0
CCAGCCGCGGUGCCAGCAAAG,0
GUCUGUACUCUAAGGGGACAU,0
CCUUUCCAGUUACUCCUUAUA,1
GGUAGGUGAGUUUAAAGUCUU,1
AUUCAGGAGGUCUCAGAACAC,0
AGAUCAAGUGUAGUAUCUGUU,1
GAGUAAUCGCUUCUCGGCCUU,1
AUCAGAACAUUGGGUAUAUUC,0
CAUCAAUCUUUCUCAGUUUGU,0
GCUAAACAGGUACUGCUGGGC,1
AAGUGUAGUAUCUGUUCUUAU,1
ACUCAAAUUCUUAGAUGACCA,0
CUUCUCGGCCUUUUGGCUAAG,1
GUCAGGAGGCUGUCUUACGUA,0
GAGUUCAGCCUUCAGAACUUG,0
UUUUUAAGUAUACAGGGGUCU,1
AGAGCUUUAGUCCAGAGCAAG,0
CCACAAACGGUUUAAGCUUGA,0
GCGAUCCGAGUUCAAAUCUCG,1
ACCCAAAUGCUCGGAAACUCU,0
UCAAGUGUAGUAUCUGUUCUU,1
UCUCUGCUAAUUAUACAUCUG,0
ACACGCAAAUUCGUGAAGCGU,1
GAACAUGAGCUCUUGAGAUUC,0
AAAAAUAUAAUUUGUUGAAUA,0
CUUAUGACUGUGACUUCAGAA,0
GCUUCUUUGUUUAUUCAUUUG,0
AAAGAAGGAUUCCAAAGACAA,0
AAAGCAACAUUCCCUGCUGGA,0
UUUGUUUUGCUCCUGACACCA,0
GUAUUGAGUGUCUACUGUGUG,1
UAAGUUAUUUUGCUCUCACUG,1
AUUGUCCUCCUUCUGAAGCCC,1
GGGCCCAGGGUGCUGUGGAGA,1
GCAAUUUGGUUCCACCACAUC,1
UAGCUCCCCUUUCUCUGCUUG,0
UCUCUUAGCAUCAGACACUUA,0