CAUGGAGAGAUGUUCUUUACU,0
CAUAUCAACUUUUAUUCUCUC,0
AUUAUGAAACUGUUGUGGUGU,0
CAAGUCGGCUUUGCUAUAAAC,1
CCCUGGGCAGUAUAGAGACGU,1
UUGCCUUCUUUUAAGAGAUGG,1
AAAGCUAGGUUCCAACCUGAA,0
UAGCCGGGCAUGGUGGCACAC,0
AGGUUUUAGUUUUUGCUUUAU,1
CAGCCUGGGCUAACCAGCAUG,0
CUUCGAGGCUUUUCCCCACUG,0
GGUUUGGACAUUGAAAUGGCU,1
ACACUGUGGAUUGGACACCUG,1
UUGCUCCAGUUCAAGUCUGCU,1
CAGCCUAUUGUAUAUACACCA,1
AUUUGUCUGGUUAAUUCCGAU,1
CAUUGACCACUUCGGCUUCAA,1
CCAAGGAAGGUUCACAUUUGA,0
CGGGAGGAAAUUCUUUUCUGG,0
UUAAAUCAGUUCCAGCCUGCA,1
GUGCUCUUGCUGCAGUUCCCU,1
AAGAAGGAGUUUAUAACGUUC,1
CAAAAGGAUAUACUUUCUUCU,0
GGAAAAGCCUUGAAGAUAUGG,0
UGACCUCGACUGAACACCAGU,0
AGGAAUAGGGUUAAGAAAAUU,0
UCGAAGACGAUCAGAUACCGU,1
UAGACCAAGUUAAGCAACAAC,1
UAUGGAGGCUUUUGAAUCGUA,1
CCUUCUAAGAUAUCAAAUAAA,0
AUAGACCGAAUUGGGUAGUGU,0
UUCUCUUUUAUUAGAUUCAUU,0
ACAUUAUAUGUAAUGUUAGUA,1
UCCCCGGGGCUUCGGCCUCGG,0
ACGGCGGGAGUAACUAUGACU,1
GUUUCCUCUUUGGCUCCUAUG,0
AGGGAACGAAUUCGUGGGUGC,1
CUUCUAUCGCUUCUCGGCCUU,1
AAUUUUGACUUUAAAUCCUCU,1
UUGUCCCAUAUAUCCUAUCAG,0
UCCCUGCCCUUUUAAUACAGG,1
GCAAUGGGUUUUCAUGUGAUC,1
CCCCCCUUUUUUAAUUUGGGU,0
AGCAGUCGGGUGCUCUUACCC,0
CAAAUUUAGGUAUGAAAUUCC,1
UUCUGACCAGUAUAAGGUGGA,0
ACAGAUCUUUUACUUGCUUGG,0
UCAGCGCCAAUUUCACUAUAG,0
UCUUAUUUUAUAAAACAAAAA,0
GCGGGAACCAUUUUACGACAA,1
AAGUACAAACUCAAGAUCCUC,0
CACCUCUUGUUAACAUUCCUU,0
UCUGGUGAGUUAAUGGGGUUG,1
UGCAGUCACUUAUUGUCCAGG,1
GGAGCGGCUCUCUUAGAACCG,0
UGUACAAGCUUGCAAUUCCAC,0
GUCAGAGGCUUAGGCAGAAGG,0
AGGGAGGGUCUGAGGGACAUU,0
GGGUCCACCCUAAUGCUUCCC,0
GACCCCAGGUUUGAAGCACAC,0
AAUAACACAUUAAAGCAAUCA,0
UUAAAAGGGAUCUCAAGGAAU,0
GUGAUCUGGUUUUAGCCCAGA,1
UGUGGAUGGUUACAGCCCAUC,1
AGAUCAAGUGUAGUAUCUGUU,1
AUUCAGUUAAUGACACCAAAA,1
AUCCCCCAUCUAAGAAUCCUA,1
GUACCGUUAUUGCCACCACAA,1
UUUCCGGCUCUGCCUCGCCUC,0
UGUCAGGGACUUAAGUUUUAC,0
GCUAAAUUUGUGUAAUUGGAG,1
GGUGCUUUUGUACCUAGGUUU,1
UAUACUAAAAUUGGAACGAUA,1
GUGGGGGAAUUUUUGAACCCC,0
GGGAAUUACUUGUAGGGAUAA,0
GGGUCUAGCUUUUCGGGUGUG,0
ACCCUUGUGUUCCAGGAGCGG,0
CAACAUUACCUUAAAAUUGGU,0
GUUGUGUUGUUUACAAUACUC,1
AAAAUGUCACUUUGCCUGCUG,1
AACUGUGUGCUUUUCAAUACG,0
GAAUAGACAUUGUUUAGAUCU,0
AUCCUAUGGUUGGUCCCUCAA,0
GAUGAGACUCUCGAGGCCCAG,0
UGUUAGCCAAUCCCAAUUAAA,0
UGGUGGAAAGUACAUGUUCUA,0
AAACGUGAUUUAAAUAAUGUG,0
AGGAAGAAAUUAAAGAAGAUC,0
GAGAGGAUUGUGAGGAACAGG,0
GGGCACCAGUUUGGCUGGUAC,0
CCAUGCAGUUUUUAUCACUAU,0
CACUCACACCUCAAUUAACAA,0
UGUGCCUGGCUUUGCUGCUCC,1
AUCUCAUACUUACCUGGCAGG,1
UUACCAUUUUUUGUUUGCAAC,1
AACGUUCUAUUGUCAAACUCU,1
UAGCGAGGUGUAAAGAGGGCA,1
GGGGGGGGGGUAGGUAGGAAA,0
AAAAAAAGUUUUGUUUUAGCU,0
GCUCUUUCUGUGGCAAAACCA,1
CUAUACUGCAUUUGAAGUGUA,1
UAUAUAUAUUUUAGAUGGGUG,0
UCAUCUACAUUUUCCAAUUUU,0
AGCUUUCACUUUAGAACAUUU,1
CCGAAACACGUAUUUUAAGCG,1
UCGUGUGCUGUGAUCGCACCU,1
GGUUUUGGGGUGUGAGAGAGA,0
UCCAAGCAUCUUCCGAAGAGU,1
GCCAGGAAGCUUCGGGAAGCC,1
CUCCAGACCUUGUAUGAUUAC,1
GAUCAAAACAUCUGCCAGGAG,0
UCUUUAUGUGUGAAGACACAA,1
CAUUCCAUCUUUGUAUCAGAC,0
AGGGGACGUGUAAACCAGUCC,1
UUGAUAAUCAUUUUCCUAAAC,0
ACAGGAAGAAUUGAGUCACAC,0
GGCAAGCUGUUGAUGAUUUCA,1
UUUUAUUGUCUUAUGGGGAGU,0
AACUGAGCAGUUCAUGGAGAA,1
UCUAUUGGUAUGGGUUGGGAA,0
ACCUGGGGAUUUACCCCUAUA,0
GGAUCUAUGGUGCAUGCUGAU,0
AUCCUAAUCCUCCACAGUUGU,0
GCCACACACGUGCACCUUUCU,0
GAGGGAGCUGUAGGAAUAGUG,1
UUGACGAAAUUAUAAUUAAGU,0
GGGUGGUGACUUCAUAUGCCA,1
AGAGUUAACCUGCUGGCUGUG,1
GACAUUGACAUUCAACCGUAC,1
UGCUUAGGCCUAGCCAGUGAG,1
AGAUGAAAGGUGUAGCCCAGA,0
UACUUCCUAGUUUUAUAGGUC,1
AAAAGGGACUUUUCAUACAGG,0
UCACGUCCUUUGCAGGUCACC,1
UAAUAUAUAAUAUAUAUUGAG,0
AAGAUGGGAUUCUGUGGCUUC,0
CCCCUGGAACUGGAGAUGGGC,0
GCAUUAUAUUUAUUUUUCUUU,1
UUGAACAGCUUGUGGUGAGUA,0
CAUGUGUGGGUUUUAUCAAUA,0
UCCUCCCUUUUAUUACAACAU,1
UUUUUAAGUAUACAGGGGUCU,1
CAUCCAGGGCUGGAGAGAUGG,0
UACGAGUGCCUAGAGUGCGGC,1
CCUUAGUAACUAUGCAGUUUU,1
CUCCCCUGUAUUUCAGCUAUU,0
ACCUGUUAUGUAGAGGAAAUA,1
CUCUGGAAUAUUCUCAAACUU,1
AGAUGUAGUCUCCCCUCCCCU,0
AUCUGAUACGUCCUCUAUCCG,1
CCUGGUGGUCUAGUGGUUAGG,1
CUGAGGAAACUGCCAACUGUU,0
CAUGCUGAGCUUCUGUGGGAA,1
ACAUGCUGCUUAAGGGAGCAC,1
GCGGCCCCUGUAGUGGCGCCG,1
UUCCGGAAGAUUUUACCUCAG,0
AAUGAAAGCAUUUCUAAGAGG,0
AGUAGAUCUGUGAGGCAGUUA,0
ACCAGAUGGAUUAUUGGUAAA,0
UGUGUGAUCUUCUGUUUGAAU,0
AAGAAGUAAGUUGGGGAGGAA,0
UGCCAUCUUAUAAUGGCGAUU,0
UUCUAACGUCUUCAUACCCAA,1
GCUAAGACUUUGAAUCUAUAU,0
GGGCAAAGUGUAGACACUUUG,0
UACACCCAACUUCUCAAAAGU,0
UUAUUUGUGUUGGGGGAAAUG,1
AGUAGUAGGUUAAGGGUGGAA,1
GCAGUUUGAUUGCAAGGUCAG,0
AGUGGUGUGAUUCGUGCAGAA,1
GGCCAUGGAGUCCACAGCCAC,1
UGAAAUUUUUUUGUCUAAAAA,0
GAUCUUAAUCUAUUCUGUUCU,0
CUAUUACACUUUGGGGAAUAU,1
UGUAAUAUUUUAUCCCUGGAC,1
CUUUAUUUAUUCUCUGUAAGU,1
ACAAGGAGGUUGAAAUCCUUC,1
AAUAAAAUGAUCCAAGACCUA,0
CAGUAUGUAAUCAAAAGAAAA,0
CUUACAAUCCUCUCUAUUAUA,0
AGCCGUGCCGUGAGCAAUCGC,0
CCAACUCCUAUACCUUACCAG,1
UCUAUUCCUCUUGGGUGUAUU,0
ACAUUCCAUUUUAUAAUUGUC,0
GCUCAGGUCUUCAAACUUGUC,0
CUACAAAGAUUUCACCAUCUA,1
CCUUGUCUAUUGUUGAAUCGG,1
GCCCACCCUGUAGGAGCGUAA,1
GCAAGCUGGCUUUCGCCAGCC,0
GCAGCUGGGGUAAGUGCUCUA,0
AAUGCAAAGCUCAGAGCAGGC,0
AAAAAGAGGAUCCGUGCUGUC,1
AAGAACAUUGUCUCCUCUUCC,0
GUCACCGGAGUUUUUUACCUC,1
CUGGGCUACAUAAGUGAAGGG,0
UAAAGACGAAUAAUUGUUGGU,0
UGUGCAGGCAUUUGACUCGCU,1
UGAAGUUCCCUAUCUACGGAA,1
UACUUUUCCUUAACAUCUUUU,0
AACAACCGCUUUGAGGAGUAU,1
GGCUUUUGGAUUUGUGCAUAG,1
GACAUGUUAUUUUAGUUGGGU,0
AGUCUUCCUUUAAUUUUGUUA,1
UUGGUGGGCUUUGAAACUCUU,0
GUCAUCUAGAUUAUGGGGAAA,1
UUCAAAGAUUUGUAUUUAGAA,0
CCAGUCCCGCUGCAUUCUCGG,1
CGUGGACUUUUGAAUUACUUA,0
UUUUUGAGUAUAGGCUUUUGU,0
AACCAAACAGUAAGCUUACUU,1
AUCUUUGGUAUGGUUGCCUUA,1
UGGGAGCUGGUGUCUUAUGCC,1
UGCACCAAUUUGUCCAUAUGC,0
UUACAGGUAAUAUAAGACCUG,0
UGUAGAAAUUUGUGCAAACAA,1
UUCUUUUCCCUUUAUGUCACA,1
GAUAAAGACUUCCACAGCCAG,0
AACUGCACAGUAUUUGGGAAU,0
UCCGAGUGAAUUCUUGCCAUU,0
AUUUAGUUCUUCCCUUAUUAA,0
UCCCAGCCAAUCGUUGGCCCA,0
CACAGAGCAAUAUAUCGACAC,0
UUCAUGGAGGUAUCGAUAUCC,1
AUUUCUCUCCUUGUGAAUUAC,0
GGGAAAUUGCUAAAACAAUCA,0
GGAGAUGAGUUUUAUUCUCAG,1
AAGAACCUCAUAUACUAAUUG,0
GUUCUUAUCAUAUAUUUCUUU,0
UAAAACACUAUUUUCUUAAUG,0
ACUAUUAGAAUAUAGAAAUAC,1
AAAAAAAAACUAUGCCUAAAU,1
GGCGAUGCCUUCCAUCAGUCG,1
CUAACAAAACUUUUUUUUUUU,0
ACUCGUCCGCUAUCAAGAUUU,1
UAAUUUAAUUUAAAAAAAUAA,0
CUAUGGUUGCUGCCUUGCAGG,0
UACGGGCAAUUUUUUCACAAC,0
UAGCUUUGGGUGCUAAUGGUG,1
GAAGCAGCGGUGUCCCCAGCC,1
CUCACCUGCCUUCCCCUGAAC,1
CGUUUGUACUUUGGGGAAAGG,1
CACUCUCUGCUGGCAAGCUCU,0
UUCCUGCUCUUUUACCUCCAA,1
GGCUCCCAAAUUGGAACCAGG,1
AUUAAAGGUGUGCAAAACCGU,0
AUAAACCCUGUAGGCCAGGGU,1
GGAAAAGCCUUCUCCCAAAGC,1
ACCCAGGUUUUGGGACCAUGG,0
UUUUUUGCUAUUCCAAAUGAA,0
UUUGGGCUAGUAUCAACUUAU,0
UGGCAGAAAAUAACCUCAGAG,0
CAGAAUUGGCUAUUAUUCUUA,0
AAGCUCCUAGUUGGAUCUUGG,1
GCUUUUAACCUCUUGUUCUGA,1
AAUCGUCCUGUCAAAGGGAGU,1
AAAAGGGAAGUAGACACAUUA,0
UUUAUUGUUCUCCAUCUUUGG,0
GAUGAUGCCCUCCAGGUCCAU,0
GGUAAAAUGUUAGGUGUUGAC,1
AGUGUUUUGAUAUCUUGUAAA,0
UAUUAUGUAUUUUCCUCAAUU,0
UAACAACAAAUCCUGAAGAAA,0
AUCGAGUGUUUCGACCGAGUU,1
AUGGUUAAAGUAAAACAGCGG,0
AAUGAAUCAAUUUGUAUUCUU,0
UUUUGUGCUGUCAUAGUGCUC,0
UUCCCUCACCUAACAAGGCCU,0
CUUUUUCAUAUUCUAAUAAAU,1
CCGGAUGGCCUGUGUGAAAAU,0
UGGGGAAGGAUUCCGUGCCUU,1
GGUAUUGUCAUGAUCAGCCAU,0
CUUUGUGCAGUCAGGCUUGUC,0
UUGCAGGGCUUUCGGCUGGAG,1
UGGGGUUCUGUGUCUGUGGGU,0
UGAUGAUUAAUGUGGGAGGGG,0
GGAAGCCCCUUAAGUCGGGUA,1
UAGUGUAAGGUGGGGUUCAGG,0
UUUCGCCUUUUACUAAAGAUU,1
AACAUAGUACUAGCGGAGGAU,0
AAAAAGUGCAUAUGUCGAAUG,1
UGGACUUAGAUUCCCUGAAGA,1
AAAUGAAAACUCAUAACAUUG,0
ACAGUUUGCAUAGACAAACAC,0
AGGAUGUAGUUAGAUUCUGGC,1
UCCAAGCACUUUAAUUCCAAU,1
GAGAAGAAAUUAUUUGACAUU,1
UCUCUCUCACUAUUCUUUGGU,1
AAAGUUUUAUUGAACCCAGUG,0
UUCAUAAUGUUGUUCCACCUA,0
AAUACUAAAAUUGGUUAGUAA,0
AAAUUGGACUUAAGUCUGAAU,1
UUUUUUUAAGUUGAGAGACCA,0
UGGUACCUGGUAUCUGCCUAA,0
AGGCAAUGGAUUUGAAUUUUA,1
CAGGGGUAGUUACAACACCGU,1
CAUGAUCAUCUCGUUAGAUGU,0
UGCCAACACUUUGAGGGAUGC,1
GACAAGGAGAUGGCUGAAGAG,1
GGGUUCCAGGUUUCAGACACU,1
ACCCGUCUGGUUCUCACAUAU,0
CUUCCCUCCUUUAGAACUCAU,1
AUGGCGGUCCUGAGGUCUAGG,1
CAUAAGUGAAUUUGGCCUGUA,0
UCAUCAUUAUUAUUUUGGUUA,1
UGUGGGCAGGUGUUUGAGAAG,1
GUGUGGCAAAUACCCAUAUCC,1
GCACUGCUCAUACUAGACAGU,1
UGUGUGUGUGUGUGUGUAUGU,0
AAAGAAGAAAUAAUACCCCAG,0
AACCAAAACUUAGGCUGUUUC,0
CCGACAGUGAUGGCUGGGACU,1
GUGGUUACUCUAACCAAAGGG,0
ACCCCAAAGAUGGUGAACUGU,1
UUUUGUCAAAUUGACACAACC,0
GACAUGCAGUUAAGUGAAUUU,1
CAGUCCAAGAUCUUCUUAUGG,0
CGGGAAAGUGUAGAGAAAACC,1
GCAUUCUGGAUGAGAGUAUAG,0
UAAUUUUGCAUUAUAUCUAGG,1
UUAAACGCUAUCCCCAUCAAA,0
GAAAUAUCAGUGUGUCAUCUC,1
UCCUUCGUAUUAUACCCAGCC,1
GGGCAGACCUUCACUCACCAC,0
UACAGGCAAUUGCUAUGUAGA,0
CUUUCCUAGAUUGGAAAGACU,0
CGCUUGAUCUUGAUUUUCAGU,1
CUAAGACCUCUGGUGAAUGGA,0
CUUCGUCCCCUCUUUGGGCCC,1
GUCAAGAGCCUGCGGCUACAG,1
GGGCCCCCAAUGGAGGAGCUA,0
CCUUGGGAGAUUGAUUUGCAC,1
UAGUUUCUGUUUCCAUGAUCU,0
GGAUGUUGAAUAAAAGGCAGU,1
CGGCACGCGCUUCGGGCAGCC,1
GUAUAAGAGAUAAAAGCAUAU,0
AAAACAAGCCUCAACGGAUUC,0
GAUAAAAGGCUAAUAUCCAGA,1
AGUACCCAACUCCCGCAUCCC,1
ACUGUGGCUAUGGAACGCUCA,0
CAUAACUUCUUACUUGGUCCU,0
AGGCAGAGGUUGCGGUGAGCC,1
AGCCCCCCCCUUCACUUUCCU,1
GGGACUUGUUUGCCCCUAUGG,0
AAAACUACACUUCCUAAUAGG,0
AACAACUGGGUAAGCAUAACC,0
UAAUGAAGAAUUGUAAGAUAA,0
GAUCAAAAACUAAAGAGAUUG,0
CGAACCUUCCUGAUGCACCAG,0
UAGACUGAGCUGUUUGAUUAU,1
ACUUGCCAGCUCAAAGAAUGG,0
UAAUAAAAGCUAGAGCUACUG,0
AAAACAGGACUCUGUGUCUCA,1
GAAAAGUCUGUAAUUCUUUCC,1
UCCCUACAGGUCCUGACAAAC,0
AAAUAAGCUAUCGGGCCCAUA,1
UUUUGGGUUUUAAGCAGGAGG,1
GGAGAGAGAGUAGGAGCAAAA,0
UUCCACUUUCUUUAGUGGCAU,1
CGGCUGAACUUUCUGACCACA,1
GGGAUUUGGAUAUGGGGAUAU,0
UUCUGGACUGUAGAGUUCUUU,1
CAGAAAGCAAUGGAAGCCCUC,0
ACGAGAGGGUUACAGACCCUU,1
UGAGCAGACCUGAUAAAAUUU,0
UGUAAAGCUGUACUUACGGGU,0
CAGGCAGACCUUUCAGACAAG,0
CUCCACCCGAUUCAUGCUGAU,0
GAUUGCAAGCUUGUACAACCA,0
GGCCCCCCAGUCCCCCCAGGG,1
GAAGAAUCUGUGAAAGAAUAU,1
AAGUCCCCCAUGAACUCCUCC,0
AUCACAGAUAUUCAGAUUCCU,1
UCACUGUCCGUACAAACACAA,1
UAAUCUGGUAUAUGGCAUGUG,1
GCUACUGAAAUAAAAGAAGUA,1
AUUAUUUGUUUACCACUUAGA,0
AUGCUGGGGUUCCAACCCUUC,1
UCAAGUAACAUAUAAAGGCAA,0
UCUGUUCUUGUGGCUGUCUUC,0
CAAUUCUGUGUUCACCCUCAC,1
UAGUCACAAAUAAUAUAAAAU,0
AUUGCUCAUCUUUUCUCCCCA,1
UAAAUAUCGAUUUAUUUUUUG,0
CGAUGUCUUCUGUGUAACAAG,0
CUUCUAAUUUUUCAGAGGAAA,0
CCCACUCCUCUCAGAGCCCUC,0
GACAGUGGGCUACACACAGAA,0
CUCUUCAUGUUACACUAAUGA,1
AGAGGGAAGCUUCCUGCUGAG,0
ACAGCAGCAUUUUCCAGAAUC,1
GCUAGAAGGUUCGAUGCCUCU,1
UGUGGUGACAUCACAGUUCAU,0
UGGACACGAAUACAAGAGGAC,0
GAAUUUUUAAUCUGUUAUGCU,1
UGUGCCUUUUUAGCCGAAACU,0
CUUCCCGCUGUAGAGCUGCUC,1
CACUGUGCCUUCUAUCCCUUC,0
UUCCGGUUUGUUGCGUUCUUC,0
UGACCACGGGUGACGGGGAAU,1
UUGCUUGCAAUAUCCUAGAAU,1
UGUUUCCAAUUACUUCACAAG,0
GCUACCAGGGUAUCGCCGUGG,1
AUCAAUGCUCUAGUUAAUGAU,0
AAGGCGGUCAUCACAGAGUGG,0
ACCGGCGGGCUUCGAAACCGC,1
AGUCCUCUUCUAAGCAAAGUG,1
UGGAAAUACGUAUCAAAACUG,1
GUGGUGUAACUGUGCCUUUUU,1
CCGCCGCACGUACUAAGGAAG,1
GGUGCCCUCAUCCCUCAACUG,0
CUCUAAUGAAUGUGGCUGCCC,0
ACACAGGAUGUCAGCGUCAUC,0
UAACUGUGGCUUCAUAGAAUU,0
AAGUGAAAAGUGUGAUGCAGU,0
UUUCCCAGUCUGUCUGUUUCC,0
GUUCUCGGAUUUCUUGCUGAA,1
AAAGGUUUUAUUCGGCUUAUA,0
AGCAAUUGUGUUGUGGUUUGG,0
GAGGUGGGACUCAAACCCACG,0
UGGCACUGGCUUCCACUGGGC,0
UAAGGAUUUAUUUAUAGUCAG,0
CGGCCCGGGUUCGAUUCCCGG,1
UGCCGGGAGCUUGGUGCGCUA,1
AUUAGGAAAGUUUUAAGUAUA,0
GCAAAAACAAUCCAACUAAUG,0
UGUUCAUUUGUUCAUCCAUGU,1
AAUGUCUAUAUGAAGUAGGAA,1
UUAAUGGAUAUAACCCAAUAG,1
GGUAAGUUGCUUGGUUGAGGG,0
ACAUUUCCAAUGCUAGCCCAA,0
UACUAUUAUGUUGGGUUUGCA,1
UGUGUGUGUGUGUGUGUGUCA,1
UAUGGUUCCUUUGGUCGCUCG,1
CUUAUGUUUGUUAGGACCAAA,1
UAAGUGGAUAUUUCUCAUAAA,0
CCGGGACCAGUGGAGACUGUA,1
AGACUAUACUUUCAGGGAUCA,1
AGAAUAGCUUUAUCUUGGUUU,1
AGAGAACACCUAAACCUGAUA,0
CCUGGUAUGGUGUAGAGGAGA,0
AAUGGUCAGCUGUGAAUGGAA,0
GUGAGUUGGAUAAGGAGAUCA,1
ACAGUCAGUUUUAGGAACUAG,1
GAGGUGAAAUUCUUGGACCGG,1
AGAGGAACACUCCUCCAUUGU,0
AGUUUCUCCAUCUAACCUAAA,0
UGUAAUCCCCUUCAGGUCUUU,0
ACACCUGGGUUCCAAUCCCAG,1
AGAAAGUGCAUUUAUUGUCUU,1
GGCUACAUUUUCUACCCCAGA,1
UGGAUGGCCUUUCCUUCAGCC,0
UUCAUUCUCAUCCACUCCUAU,0
CCUGGGCUACUACGAUGGCGA,1
ACAGUUAAAAUUUCAAACAGC,1
GCGGCCGCGGUAAUGCUGGUG,1
AAGGUAGCCGUUUGGCGUCGU,1
AGAACUGGGUUAUGAUGGUGC,0
AAAGCUUCGUUAUACAUUUGA,1
AAAAUCACUCUUUAAUAGAAC,0
UUUUUUUAGGUGAAAAGAACA,0
GAAGCCUUGCUGAUGAGAGCC,1
ACUCUUUUUUUUUUUUUACAA,0
GUUUGGAGGCUAAUUAUGGGA,0
AAGAAAUUAGUGAAACAACAC,0
AGGAAGGCCAUGGAAUCUGCU,1
UAAUGACCUGUUACAGAAAAC,0
AGAAUGAGACUCUGUCUCAGA,1
AGACUCUAACUUACCUGACUG,0
GGUCCCCGGUUCGAAACUGGG,1
GAAAAAGACAUAGUAUACCCU,1
AAUCUAUGUGUGUGCGUGUGU,1
AAGAACUUGGUGCAGGCACCA,1
CGAUACCUAUUUUCUAGUGCU,1
UGCUGUACCCUCAGAUCGGGG,1
UUUCUCUAGCUCCUCCAUUGG,0
UCUCUUUCUUUUCUUUGAAGU,1
UGUAAAAUGGUUAUUGGAGGG,0
UCUCACCAUCUGGUUAUCUCA,0
CCCACCCGGAUACAAACCCGG,1
UAGAAAUGGAUGGAUCCAGAA,0
AAGAGAGAUGUCCCCUGUGAU,1
ACCCAGCGUGUGCCUCUGGGU,0
UGGGGGACUAUUCUUGGUUGG,0
GUGGCCCGGAUGGUCAUGCUG,1
UGACACUAGAUAGGGGGCCUG,0
GAGACCAGCCUACAGCCGCCU,1
AGAAAAUACUUAAAGGGAUCA,1
UUUUGAGUUUUUUUGUGGGGG,1
CCCCUGGCUUUGUUGGAACCC,0
CACUUGCAGAUGGGGUGAUAG,0
GCUGCAGAUAUCACCCAGGCA,1
AAUGAGUGUGUUGCACAGACA,1
AAACAGCAUCUUGGCAAACAC,0
AGGGAGCAAAUCCCACCUUUA,1
GGGGGGAGUAUGGUUGCAAAG,1
UGUUGAUACUUGGUCAUAGAG,0
AGAUCCCCCCUUUCCUCUGCU,0
ACUAUUGUCCUGAGGCCUGAG,0
AAAUCAAGACUUGGAACGCCC,1
GGCCAGGUUUUUGGCCACCAG,0
CGAAGGUGGCUUUGCGCAUGC,1
ACAGGGCAUCUUCUAUGCGAU,1
UAGGUCCCAGUAUAGCCUCAC,0
GGGGGGAUGGUAUAUGGCCCU,1
UUCUCAAGGAUAAAAGAACCU,0
UGAGCCCAGGUUCUCUGGAAG,0
CCGUAGGGGAUAAGAAUCGCC,0
AAAAGGAGACUUCAUGUGCCC,1
UGGAUAUUAUUGUUCUAUUGG,0
AUUUGCCUCCUAUCUGACCUU,1
UUGCAAUUAUUCCCCAUGAAG,1
CCUGAUAUCCUACACAACAAA,1
GUCAUGCCAUUAUAAAUUUCA,0
GAGGCGUAGGUGAGGGUCGCG,1
GUACUCUGCGUUGUGGCCGCA,1
UUAGGAGUUAUGGGACUGUUU,0
CACGCGCAUCUAUUGGAGCCU,1
GGGAAAAAAUUCUCAGUUGUC,1
GAUAAAAGAGUUACUUUGAUA,1
ACCAUCCUUUUCUUGGGGUUG,1
CCCAGCUCCAUCCGUGGCUCU,1
CCGGGACCUUUGGGGGAGCCG,0
AGAGACAAAGUUUGGAGUUGA,0
UUUUAUUUAUUUAUUUUUGAC,1
CCUUUCAUCUUACAGGUGAAC,1
AGAAGGCAUAUUACCUAAUUC,0
UCAAGGGGGGUUAGUAGAAAU,0
AUAAAAAUGGUAACAAACUCU,1
AACUGAAAGCUUCGAGAAGUU,1
UGGAGAAAAGUAGGAUGAACC,1
GUUAGGGAAAUGCACAUCAAA,0
GUGCAAGGGUUCCACCCCUAC,1
AUUGCAGAGUUGAGUUAAGUU,1
GAGCGAGAGAUUCAUGCCACC,1
AUUUCCUUGUUGAGAACAGGA,1
UAAUAAAAGUUUACAACUUGA,1
GCGGCCCUACUCUCUGACCCC,1
GUUCAAGCGAUUUUCCUGCUU,1
AAAGAUCAAGUGAUCAUAGGU,0
CGCCACUAGAUGAGUUUAAGG,0
ACAACGACCCUAUCUACGUGA,1
AUUAAACAUUUUUGAAGCUUU,1
UGCGUGCAUUUAUCAGAUCAA,1
UGCCCCUGAAUUAGACAUCAC,0
AAAAAGCGUAUUCUGAAUUUA,1
CCUCUCAUUAUUGUUGAACCA,0
GAUCUCAACCUAUUCUCAAAC,1
GAUAACUGGCUUGUGGCGGCC,1
GAAUGUCAGCUGAGAAAAUUU,0
GAAUUGAAAUUGUUGGACAUC,1
UCUGUAGAUAUCUGUUAAAAC,0
ACCCUACCUGUAGGAACACAU,1
UGGAGCGAGCUAUAGAGUCCU,1
GCUGCUUGCAUGACCACCUUG,0
GCCCAACAAAUCACCAUAGCA,0
UGGGAUUAUUUCAAUAGUCUU,0
UGAGAGGAGUUCAUUAAGGGG,0
GAAGGUAUAUUCUUUUGGUUU,0
UUUUUGCUUUUUUUGUUUUUU,0
GCAGGCUGCUUUCUGCCGAGA,0
GCUUUUUCUGUUCCACCUCUG,1
GCCUUUUUUUUUUUUUUUUUU,0
UAACUUAGCAUUAACCUUUUA,1
AAAACAACUUUUGGGGGACAG,1
CUCUCCUGGUUUGUGUACCAA,0
AACUGGAAUCUGAGGGUCUGG,1
UUACCUGACCUUAACUUUUCC,0
GUUUUGGACCUCCUGGUUCAG,1
CGUAGAGGAGUGGGGGGAGGG,0
CCCUGGACACUUUUUAGGGCA,1
GGAUGACAACUUUGCCUCAAU,1
CUGCUUUUCUUUGGUCUCAAG,0
AAAUAAUGAAUUGAUGAGAAA,1
GUUCACGCCGUACAGCUGGGU,1
GGGUGUUGUUUCCUAAGUUUC,0
GAGUUCUCUUUUCUUUGUGAA,1
AGUUGCUUUGUCAUGGUGUCU,0
AGUGGGAAGAUUCAUAGGUAG,1
CCACAAAUCUUUCAACCCAAA,0
UUUUUUUUUUUUCCCUAAGAG,1
UAAAGAAUGUUUACUGCCCUC,1
GAAGAGCAGUUAAAGAAAGAG,1
AUGUGAUGGUUUUGGAUGGAG,1
UACUGAAGGUUUUAGUCCUCA,1
AGGAAAGCAUUCCUGACAUUC,1
AAUGGUGAUAUUGUCAAAUGU,0
CCAGGCUACUUUGGGAAAGUU,1
GUAGCCUUGUUUGAGGAAGUG,0
UAUAAAAGGUUGAGGCUCUGG,0
AAUACAUUUUUAAAGGGGGGA,0
GAUGGUGGCAUCUCAUGUAUU,0
GCCAAUGUCCUAUCCACACCC,0
UGGUUCUGGUUAAACAGCUGU,1
AAUUAAUUGGUUCUUUGCACU,1
CACUUUGUCGUAAGUAAUGGC,1
AGCACCUGAUUAGUUGCUCAC,0
GAGGUGUCUAUUUAACUGACA,0
AAGAUCUGUGUAUGGGAUUAA,1
UUCAUCCGCAUGAGAAUGACU,1
CCGAGUGGUCUAAGGCGCCAG,1
GAGACAAAAGUAUACACGUGA,1
CAGAAAAAUUUGGCACCAGGC,1
AGCCACAAAAUCCCAGCUUGC,0
GUGGAUGGGGUGUCGUGGGCC,1
AAGAUGCGGUUCGACUCCGAG,1
UGAUCUUUUUUUAAAAAACAC,1
GUGCAACAGUUAUAUUUACUA,0
ACUAAAGUUGUGAAGAACGUU,0
GGAAAGUCCCUUACUCGGCCC,1
AAUCAGAUCUUUUCUUUCUUG,1
UUGAGGAAGUUACAAAUAAGC,1
GACAGUGAUUUUAUACUGAAA,0
GGAAUAGUGUUCAAAUCACUG,1
AGAUGUGACAUUCAACACUAA,1
GAGGCCCCCAUGCUUUCUUCU,0
GUGACGGAUUUAUACCUAUGC,1
GGCAGGAGACUGCAUGUCACC,1
GAUUGUGGUCUUGCCCCAAUC,0
CUCUCAAUCGUGUGGGGACCA,0
AUGGUCUCCCUACCAAAAAAA,0
CACAAAUAACUAGUAGUUUCC,1
CCGCCCGCUUUAACCAGUGCA,1
UGUGGGGGCAUCUUGAGGACU,0
GGCUGGAGGAUGCGGGCGUGC,1
CAAUAGCGUAUAUUAAAGUUG,1
CAACAGUCUGUUUUACGGGAA,0
CUAAUUAUGCUGGACUGUUUU,1
ACCCAGCUGCUUUUGAGUCCC,1
UGAGGAUCAAUGUGUGUUUUG,0
CUAUUGAGUGUCUACUGUGUG,1
UAGGGCCACCUGUACCCCAUG,1
AAAGGAUGGAUUAAACGAUGA,1
GACUCCACAGUGAUGUACUGG,0
UCAUACCUACUUUCAAAGUCA,1
ACCCACCCACUCCACACCACC,1
AGUGACUUUUUAAAGAGACAC,1
GGUGAGCCAAUAUCAUGCCAC,1
GGAUGAGUCCUCCUCUUUUGC,0
AUCUUUCAAUUUUUUAUGAGU,0
GUACCACUACUAUUUAUGGGG,0
GAUAAAUGCGUACUAGAAAAG,0
UUUGCUUGAUUUUGUAGAUGA,1
AGCAAUAUAAUGAGACAUCAC,0
AAUUGUUUGGUAUGCGUCAGC,1
CGGGAACACUUCAUUACCACC,0
AGGACCCAGCUAUACCACUCC,0
GUUCCCCAGCUGAAGAGUUCU,0
UUAAUAACUUUGGAUAAAAGU,0
CAACAAUUUUUUGUCAAAAAA,0
UACUCUUACAUCAGGUUCAAA,0
CACCCUUGUCUAGUUUCUGAU,0
CUAUGGGAUGUGUGGCAGAGC,1
CCCACACCUAUGGUCACUUCA,0
UCCAUGGUGAUCUGAUAGAAU,0
GAUUGUGUUUUCCUGUUUUUC,0
AUUUUGAGCUUUAACUUCAGA,0
AAACUUAAGAUAUAUGAAAGG,0
UUAUAAUCAGUAGAAAUUGGU,0
AUGCCCAACCUAUGGCAUCUA,0
UACUUGGGCAUAUGUUAAAUA,1
AUGCCUUUAAUCCCAGCCCUC,0
UGAACUCCUUUACAUUUAGCC,0
GCUAUCAGGGUCUGUGCUAUG,0
GCUGUCCUUUUAAUAACUAGG,0
ACACGCAAAUUCGUGAAGCGU,1
GGUUGGUGGUUCGAGCCCACC,1
UGGUUUAAUAUAUGGAAAUCC,0
CGGCAGCCGCUCUCCACUCCC,1
AAUAUUUUAAUUACUUUUGCA,1
UUGAAUUUCUUUUUAUAGUGU,0
CAUGACAUCUUCAGGACACAG,0
CCACAUUCAUUAAAGAAACUU,0
CGUCGAGGUCUUCUUCUCGCG,1
UCUUAAGAUCUGGUUACGGUA,1
UACUUGAAGGUACACCCCAUA,1
UUACCAUAGUUAAAUAUAGAA,0
AAUAUGCAGUUUAAAUCUGCC,1
AUUACUCAUAUCAGAUUUAAA,1
UAUAAAAUUCUGUGUAUAGCU,0
AAGAGUAAAAUAUCUACAAAA,0
ACAGAAAUAAUUAAGAGGAGA,1
GAACAUGCCCUUCCUGAAGAC,1
AGCAAACCAAUAGCCAACAUC,0
UCACCAACCAUUAAAGGUGUU,1
CUAGUUAUUUUAAUAAAGGAA,1
UAAAAGAACUUCUGGAGAUAU,0
CGAUCGUGUAUUUAUGUAGGU,1
GAAGGACCCCUUCCCAAAUAG,1
UAAAGGAUUGUAUCAAGUAGA,1
UGGGUCAAGUUAACACCUAAA,0
UGGGUCUUCAUGUAGAGCUUG,0
CUUUAUAUGUUCCUUGACAUU,0
GGCUACCUACUUUCAUGAGUA,1
UAGUGUAAGUUAAAUCCUUAU,1
CACGAGGAGUUCAACCCUCCA,1
CAGACUGAUUUUCAGAGUGGU,0
AUAUAUAGGAUUCGUGUUCGC,1
AGAAAGAUUGUAGCGUUUUAC,1
UAGAUGCACUUAAGUUAGCCU,1
UUACCUCCUAUUCAGGAAAAA,0
CCAAGGCUGUUGGGAGCCGCC,0
AACAGGUUAUUUAGUUUUUAA,1
CUAGCAUCCCUAGAUUUCCUA,0
AUGGACAGUUUAAAAUGGGCU,1
AGUUUGGGCAUUUGACUGACU,1
GGCACAGACUUUCUAUUUUUC,1
CUCAGGGUCGUGAGUUCGAGC,0
UAAUGACAGUUACUCUCACUC,1
UCUAGGGAACUUUUGGGACUU,0
UGAAAACUGAUCAAGGGUAGC,0
UCUAAAGUACUCUUUCUUUGU,0
GAGCACAGAAUACCAGAAGCA,1
CUUUUUUUUUUUUUUAAAGAU,0
AGGCUGAAGAUAAAGAAAAUC,1
CUCUGCUCCCUGCGCUAAUUU,0
AUUUCAAGGAUAUGUGCCAGG,1
ACUUGGGGACUCUCUGAAGAU,0
GGGAACGAGAUGCUCAACGGG,0
UGUGUUAGGAUCUUUUUGCAU,0
CCAUCACCCUUACCCGACAAC,1
GUUCUGUGCCUAUGUAAUCCA,0
ACGUGGCCUUUUCUACCCUGG,1
UUGGUCCUAGUUGGGCCAGGU,0
GUAAGGGCAGUACUCCAGAUG,0
GGACUAGAAAUCCAUUGGGGU,1
GGUCAGAGAUUGAGGCUAACU,0
GUUGUUUUGAUUUGCAUUUCC,0
UUCAGGGUCCUAGUGCACCUC,0
GCUCUGAAUGUCAAAGUGAAG,1
GGGCACUCAUUCACCCACCAG,0
UGUACCCAUAUAUAAUUCUCC,1
UUAUUGGGCGUAUUUAUCAAU,1
CAGGUCCUUUUUGGAGGGCAA,1
AGUAUUUUUGUAUCAAUUUCA,0
GGGAGAUUUUUUUGUAGUUUU,1
UAAUUCUCCUUAAAAGGGACG,0
UCUGAUAGACUGUCUUCAAUU,0
UGGGGAAGGGUUGUUUCUCAG,0
UCCUUCUGUUUUUUAUUUUGU,0
CAUGCAGAACUUUGCCUUCAG,1
GAACAUUUUUUUCAGGUGAUU,0
UCUUCCCCAAUACUCCCAGAG,0
AAUGUCUCGGUAUAAAACACG,1
GGGAAAAGUUUUGGUUGCCCU,1
AAUAAGACAGUGCUAGACUCA,1
AGAGCCCCAAUUCCUACUUCA,1
AAUAUAAAUGUAAGAGAUGUG,0
GUAUGAUUUAUCUGGUUCAAG,1
GCUCAAGGAAUACCAGAGGAG,0
GGGGUUGAGGUCAUCCUUGGC,0
UUUGAUUAUUUCCUGCCAUGU,0
GGCUGGCAUUUGUGUUCUCUG,0
UAUUUGCAUGUAAAGCUGUUG,0
GCUCAGUUGGUAGAGCAUGAG,0
AUUUAAACUCUGUUGCAAGUG,1
CACUAUAUUGUUGAGAAGCAA,0
AGGACUGAUUUAACCCAAGAU,1
CUGGCUACGGUAGCUACAGAU,1
CAUAUACAUAUAUAUACGCCC,0
GUCCAUAGUAUUUUUUUUUUU,1
GGCAAGUUGAUUCCCCCAGAG,0
UGUGUCUGGCUGUUUGUCCCA,0
AUUGAGUGUGUGGGCAACAAA,0
CUCCUCAGGUUCUCUAUCGAC,1
GCACUGUACUUAAAAUCCCCC,1
UGGUAUGUGUUUUCCAAACUG,1
GCCCUUAUGAUACUAAUGAAA,0
AAGAGUGGGUUAAAGUCCUAG,1
UCCCCCUCCUUAGAUUUGGGA,0
UUUGCCUAUCUUGAGAGCACA,0
GCCAGCACCAUUUGUCGAAAA,0
UCUUUCAGGUUUGACUCCUGG,1
UACUGUAAUUUUCCAUUACCU,1
UUCCCAAAUCUAAAGAAUGAG,0
AGUCAGCCAAUAAGUCUUUUC,1
UUUUAUCAUUUUCAAGAUGGU,1
AAGAAGGUACUUCUUGGAGCC,1
GCCCUUGGGAUGCUCUUUUCA,1
UUCAAGGAGUUUCAACAAUUU,1
GAAUGGCAAAUCAAAAAGACA,0
UUUCACCUAAUCUAAUGAAAU,0
ACAGAUACACUACAGUAGAAG,1
AGACUGAAGAUCUAAAGGUCC,1
UUUUUUACAUUUGGUGACAGG,0
UGAAUGUUAAUUUCUGAGGUU,1
CUAUGACAAAUUAGUUGGACA,0
AACUACUAGAUUCUUGACGUU,0
UCUGCAACCUUAUAGAUGAAA,0
GAGGCAGGCUUGGCGGUGGCG,1
UACUGGAACAUACAACACACA,1
CGGCUGCACUUUCGUCGCGUU,1
CCUGAGACGUUAUUUAAAACU,1
AUUUAUUAUUUGAGUGUUGUU,1
CCAGAAAAGAUAGCUCCAGAU,0
GAGGGAAGCUUCUAAAACAAG,0
CAGGGUUGUGUACUAAGUGUG,0
AGUCCAAGAAUGUAAUAGUUG,0
GUCACCUCUUUCUUUAGGUUA,0
AUGUCUUUUUUUCCCCCUGGA,0
ACAGGAGAAUUGGAACCCUUA,0
CGGCUCCGAGUCCCCCCCGCC,0
CACUCUGGUUUGAGAAUCUAG,0
CUAAUGCUCUUUAGCUGUUAA,1
UUUGUGCCCUUCGUGCAGCUG,1
UUAGGAAAGUUAGAAAAGCAC,0
UCCUCUGUGUUGAGGACAAGG,0
CCCCCCACCAUUCCUACCGCU,1
UAUAAGGAACUCAAGAAGGUG,0
AAUGGAGUACUUUGAUGAAAA,1
UAAAAAGGGGUGUGGUCAGAA,0
UGCGAGGGUCUAAGUAGGGUC,1
CAACCACCUGUUUCACUAAUA,1
UGCAAGCAACUCUGCUCUGUG,1
AGAUACCAGCUUUUUUUUUUU,1
CUCCCUCUUCUGCCCACUCUG,0
UACAAAAAUGUUUCACAUUUA,0
UCCAACCAGAUUAGGGGAGAG,1
AUGGGUUUAGUGCAGAGUUCU,0
CCCCAUGUUAUUCCUAAUAGG,1
UAAAAAGUCCUAAAAAACUUG,0
AAACAUUAGCUUUGCGCAGUG,1
GGAGUGAGUUUGGAAGGAAGG,0
AGACUUUCCUUACCCAGAAGC,1
CUAAACCAUCUUCAAAACAUA,1
CCUCUCAGGGUUUCACACGUA,1
AACUAUCAAUUCUGAAUAUCU,0
CAGCCGGCCGUACACUUGAAG,1
GUGCUGAUGUUGAGACAUGAU,0
UUGUAUAACAUAGACAGCUUU,0
CAUUCUGAGGUUGUUCCAGGA,0
UCCUUCCUUUUGUUCCUGCAC,0
CAGCUAGGAAUAAUGGAAUAG,1
GACACAGCACUUGAAUACCCA,0
CAGCCACUACUUCGAGGUGGA,1
CAGGCAGACAUGGUUUGGAAA,0
CAUGAUUAAAUUCAGCCUAAA,1
GUUAGCGCGUUCGGCUGUUAA,1
UCAAACACACUAAAAUGCUGA,0
GUGGCCGCGCUGUGCCUGCUC,1
AUAAAUGUUCUUGGUGUGGGA,1
CAAUCAUAUCUCCUGGACCCC,0
AAUGGGAUUAUAAUACGGCAC,0
GUGCUGGCUGUAGGUGAAUGG,1
GUUUGGAUAAUUAAAAAAAGA,0
AGCAUGCCUGUAGUGUGACAU,1
AAUGCAGAACUUAAGAAGGUU,1
CUUUUCCCAAUACCCCGCCAU,1
UCUUCCCCUGUGGUUCCAGCC,1
AUUCUUUUUCUAGGGAUGUAA,1
AUUUCACAGGUAAGCCAAGAU,1
GGGCAGGCUCUUCAAGUGUGG,1
UAUUAGAAUGUAAAUUAGAGC,0
ACCUGAGAAUUAAGUUAUCUC,0
UUUGCCAGAAUUUCCAGAAGG,0
AUUACAAGACUGAUGGGACUC,0
GCCGCCCAGUUUCGGUUCCUA,1
UGUGGAUUUUUAUGGCAAAUG,0
GCAGCACUGGUAAAACCUUUC,1
CCCGAAAAUGUUGGUUAUAUC,1
CCCAUGAUGAUUGGUGAGUUG,1
GGGGAAUAUAUUCUAGCUGGG,0
GAGACUGGUGUUCUCAAACCC,1
AACUAAGGGUUUGAGUCAUUC,0
UUUUGAUACUUGCCUAACAUG,1
CUGGAGCACUUACUCAGGUGG,1
UGUGCUCGUGUAAGCCCGGGG,1
ACUCCGGCUCUAGCCUCCCGC,1
UUGCCUACUGUUUUACUGUAU,0
AGGCAGCAGCUACCAAGAAAC,1
GGCUGGGUGAUGUAGUUUUCA,0
AUAUCUUGGGUAUUCUAAGUU,0
CAUCGCGCUGUUGGAAAGCGG,1
UUGUCAGAAUUUAGACUGAAA,1
ACAACAGGAAUUGGAGGGUAC,0
ACUGCUGAAUUAAUGUGAUUU,1
UCUGAAGGGAUAAAGAUUACU,1
AGCACCAGAAUGCUGGAAGAA,0
CUGGUGUGUCUGAAAACAGCU,0
GAGAAUCUGAUAAUUUUUUUU,0
GUUCAAUGAAUAGAUGAUGCA,1
ACAGUCUUGGUUUCAUCUUUC,0
AAACCAUCCCUGCAUCCCUGG,0
AUUCUCCUUAUGUAAACCUCC,0
AGGCUGGAGAUAGAAAACCUA,0
AGAAGCCUCCUAUAACAAAGG,1
GAGCCACAGUUAAAUUCUGGC,1
ACCUCCACGGUAUAUGAGUGU,1
CGAGGGCCGGUAUACAUUCGG,1
CCUGGACCUGUUCUGGUUAAA,1
CCUGGGGAUAUGAGUAACUUU,1
GGGCUACCUCUUCAAGAGGGC,1
GGUCCUAGGUUGGACUCCUCC,1
UGGGAUAGCAUUUGAAAUGCA,0
GACCUUUACCUUGGGGGACAA,1
UCCGAGAACCUACACCGCGUG,1
AUUUUUCAAAUUCAUUUGGAG,0
UCGAUUUUAUUCAAUAUUAUU,0
GGUCCCGGGUUCAAAUCCCGG,1
CUGAAAGCGGUCCAUGGGUCC,0
GUCCUAACGGUUAGGAAGGAU,1
GUAUAGGAAGUGAGGCAGUAU,0
GCAUCUAACCUCCCACCAGAA,0
UAAGUUCACAUAAACAGCUUC,0
GGGAAAGGACUAGACGCCAAG,1
GAGGUUAGACUCAGGGGAAAG,0
ACCCCACAUCUACUUAUUUCU,0
CAUUAAUAUCUGGCCUGCUUA,0
AGGAGAGGUAUUGCUGGAUCC,0
UUAAUUUAGGUUUCUUUUUUU,1
CCUCACCCGCUAGUCUGGCUG,1
CUGAUGAACCUAUGCAAGUCC,1
CUGAGCACGCUACCAAAUCUC,1
GUUCACCAGUUCCCCUCUUCU,1
GCUGGAUUUGUAGCUUAUCUU,1
AAUGUAUCAUUAUCUUCAUUC,1
AUGGCUGCUAUGAACAUACUG,0
UUUCUUCCUGUGUGUCCCCUA,1
ACUGCCUACAUUAAGCUGGGC,0
UAGCUAGAAAUAUAUCAGAGG,0
CCCAAGAUACUUCCAACGCGG,0
AGAGACAACAUGGCCAAGGAA,0
UGUCUCAUGCUACAAGAAGAG,1
UUGGACAAGUUGUUACUGACU,1
UGGGAUGUGUUACGGACGGCC,1
CCACUGUCCCUACCUACUAUC,1
UACUUACAUUUAAUAAAUAAA,0
GUAAGGAAAAUAACGAUUCGG,1
GAGCUCUCCAUUCACAAACAU,1
GUGGAUCCAUUGCACUGGGAU,0
GUUGUGGGCUUUCACGUACUG,1
GCCAGUCAGGUGAGUGACAUC,0
UCCCAAUGACUUAACCACCAA,0
GUCAUCCUCCUACGGACCAUG,1
ACUGAAGCUGUCUUCAGACAC,0
GAUAGUGGCCUCCAGAGGCUG,0
UUCAGUCAGCUCUGCAGGCUC,1
CUCUCUCCCAUUAGGAUUUGA,0
CACACAUUUAUCCUCACACAA,0
ACCAGAAUUAUAAAAGUCUUC,0
UUUUGUGGAGUUUGACACCUU,1
UAAAGUUAUAUACUCUAUGUU,1
UCCUCAGCGUUACCGCCACAC,1
CAAGAUAAACUGCAGAAUGUU,0
GCUUGCCUCUUUUCUACAAGC,1
GCCCACUGCUUAGGGGUCACC,1
GUACUCUGCUUGCGGAGGGCU,1
UGUUAACCAGUUUUUUUUUUU,1
GGUUAUCACGUUCGCCUCACA,1
UUUGGUGUUUUCUCCCAUCCU,1
GGAAUUUGAAUAGGUCUACAG,1
UUCAGCACAGUGGAACAAAGG,0
CGGGUAGCGGUGCAGUCCCGG,1
CUGUAACUCCUUCCAUGGGUG,0
UGGAUUUAGCUACUGUGUCAA,0
CCUAUCAUUGUGAAGCAGAAU,1
AGUGCAUAUUUACAAGAAGCA,1
UUACAGGAAAUCCAUCUCAGG,0
UUUUUGUUAGUACACCAUCUC,1
AGGAGAAGCUUUAGCUUCAGC,0
GUAACAACUAUCAGGAGCUAC,0
CAGUCAGUAGUUGGUCCUUUG,1
CUUUAAGGAGUAAUUCUCCAG,1
GAUUGACCUUUUACAAGCCUU,1
AGCACACCCCUUAGCGCUUGC,1
UUUUGCUUGGUAUAGUUGACU,0
AUUUGUUGUUUUGAUUAUUAU,0
GCAAUUUUGUUGUUACAGACU,1
UGGUGUCUGCUACCAUGAGUG,1
UGUUUUAAAAUGUUCUAAGUG,1
CUCCAUAUGAUGUGUAUAAAC,0
CUCCCCAGACUGCUUCAGCCG,1
AAUUCAGGGAUGGUGUCAGGU,0
UUCACCAUCUUUCGUUUGAGU,1
UAGGGUAUCAUUUUUACGGGC,1
CCUUUUUCCUUCUCCUUCCUU,0
AUAAGGACAAUGGAAGAAGGA,0
CACUGUUCUGUCAAUGUUUAA,0
GCCAGAACUGUAGGUUAUAAG,1
AAACUAGAUAUAGAUUAACCA,0
UGUUUUAAUUUCUACACACCC,1
CCAAAGCGUUUACUUUGAAAA,1
CCCCCCUUGGUGACUAAACUU,0
UCGUUACGGAUGGUUGUGAGC,0
CGGGAUUACUUUGAGGACCAG,1
UUAUUUGAUUUUCUGGAGUCC,0
AAGACAGAGCUAUUUCAGAGG,1
CACCAUGUGGUUGCUGGGAUU,0
GCCAAAUAUGUAGAGGACCUA,1
UCUUUAGGUCUUUGUAUAUAC,0
AUCAGUAGCCUUUUUUUACUC,0