AAGAUAAGUUUUUUUUUCUGA,1
AGAUUUAUUUUUCAGCCAGGC,0
CCUCCUCAAGUGAUGUCCCAG,0
UCCCCGGCAUUUGCGUCUCUA,1
AUAACUGAAAUGUAGUACCGC,0
GUUUAGGGUUUUUAUGAGUGU,1
UCCUGAAAUUUAUUUUUCUUU,1
CCAAAAGGUAUAAUCACACAU,0
GACAUGCCGAUCACAGCUUUC,0
GCUAUAGACCUCUCUAAUGUU,0
GGUCUCAGGUUUGGUUCCCAG,0
ACUCCAACUAUGGAAGGAGGG,0
AACCCCAACUUACAGUUUACA,1
CUAGUGAGUUUACACAGGAAU,1
CUGAUCAAGCUGUAUUUCCCC,0
AUUUACAAAAUAAACAGCUAG,0
CACCCACCGGUACUACUGAAG,0
AAUGCCUGCCUCUCAUCAUUU,0
CCACUACCACUAUUCAGUGUG,1
GUGCUGACUCUGGGGGCCAUA,0
UUACAGGAACUAAGUCAUCCA,1
UUAUCUCCCCUAUGGAGGACU,1
CCUGCCCUCAUUUUAGUUGGC,1
AGAUGGCAUGUUUAUAAAAAG,0
GUCCAGGCAGUGGUGGCACAU,0
GGGCCAGGCCUCGCUCGAUUG,0
UGGCUGGUGAUAAUGGCCCAG,1
UUUUCUUGGUUAUUUUUUGCA,1
AGGAGAAAAUUAUCUGAGAGC,0
AGAGAAAGAUUAACACAUUCA,0
UGAACAAACCUAUAGAAAUGU,1
ACCAUGACCAUAUGCCAGUUU,1
AUAUUUUGCAUGUAACACCCC,0
AGAAUGAGCCUAUCUGUCCUU,1
CGCCUUAAGAUCAACGGAAAA,0
GUGCCAGGUGUUUGAUCGGUU,1
CUGCAUUAGCUAAUGCUAGAG,1
GGAGGGAAGGUAGAAAAUGAG,0
UAAUUGUGUAUGUGUCUUUUA,0
CUGCGGUGGCUUCCCAGCAGC,0
GUGUCAGUGGUUUCCGGUCUU,1
CUCAGAAUCCUCGAAACGCUC,0
UACUAAUUAUUUAAACAAGUU,0
AGCAAGCACUUUACAUGCUGA,0
GGGCUGUUUCUGGUUGAGAGA,0
UGAGGGCUUAUAGAACAAUCU,0
CCUCUGGGUUUAAUGUAUUUA,1
GGUGGAUCUCUUCACCGGAAC,0
UCUUGUUUUUUAAAGAGUUGG,1
GACUUAAAGUUAGCACACAAC,0
GAGGUGAGGCUUGGAAGGGGG,0
UAGGCUCAUAUAUGCCACAGA,0
AGGCCUUAGGUUUCACAAACC,0
UUUGGAACACUGGGGAAACGA,0
ACAAGUUGGUUCUUGCCUAAA,0
GUGAUAAAACUCCCGAGACCA,0
UCAUGAGAUGUGCCUUUAAAU,0
GCAUCACAGUUACGGAGGAUG,1
UUUGAGGGUGUGGCCUUGCUG,0
ACAAUCUACGUACCUUUCUCC,1
UAUCAACAUCUAUAAGACGGU,1
CAGAAGGUACUCUAUCCAAUU,0
UGUGUAUAUAUAUAUAUAUAC,0
GUUUGUUUUGUUCUGUUUUUU,1
UAGGUAAAUAUAAAAUAAUAC,0
GAUAACCACAUGGCAAAAGGC,0
CUGUGCUGACUAUACACGUCA,1
GUUUGUGAGCUACUUCUUUUU,1
CAUGGUGCCUUCUCCAAAAUU,0
GUCAGCCAUUUUUAAUGAUAA,1
CAGACCUCUCUUUCAAUGAGU,1
AAAGAGGGCAUGUAUGUGGGU,0
GUGUUCUCUUUUCUUUGGGUG,1
AGCUGGUUCUUUGAGAAAAUC,0
UUUUUGGUCUUCAUGGGUACU,0
CAUUAGGGGGUGUGUGACCCA,0
UAACCAAAACUAUCCAGAAUG,1
ACGAGUGAGUUUAAAAUUAUU,1
GAGUGAGACAUGAUGGAGACC,0
AGAACCACCAUACCAGGCCUU,1
GUGCUCGAAGUGGCCACAGAA,0
ACAGUAAAGCUUUAAAACCAU,1
CCCAGCCCUGUGCCACAGCCC,1
GAAAAAUCCGUUUUAUAUUGG,0
CUUGAACUGGUUUGGAAUUUU,1
AUAAGGAACUUCCUUUGUGAU,0
UAUAAAAAGUUAGAUGCUCGA,0
UCAUUUUAAAUACAUGGGAAA,1
CUCAGCAAGCUGUGGACGCUU,1
AUCCAUCAGAUGGGAGAUGGU,0
CUUUUUUGACUUUGUCCCUCU,1
GCAGAAAAAAUACUAGAGUCC,1
GCUCGACACUUCAAGACUAAG,0
GUGUCAUUAUUCGCACAAGAC,0
GAUCGCUGGUUCAGUCCAGUC,1
AACUUGAACUUUCCUGCUUGC,1
AUCUUUAAUUUAAUUUUUUUU,1
GCUUAACUCUUAUUUGUGGAC,1
UCCCCAAACCUGCUGUUCCAC,1
GGGCUCAGGUUACACCUUCCC,1
AACAACCAAAUAAAAGAAAAA,0
UGGGGUGCCCUUGGGAGAGCU,1
CUAUUUCAUCUCUUGAACGAU,1
AUAACCCACAUAACCAUACGU,0
AAGGAUUGGGUUUUUUCUAGA,0
AAUAGCCAGCUAACUGUAAGG,1
CCUUGAGUUAUAUGCUCGAGU,1
UAUUGUUGUGUUGUAUGCAUG,0
UACACACAUAUAUGCACUCAC,1
GAGCCUGCUGUAGAAAUUGAA,1
GUGGCAAUAGUAAGCUUAUCC,1
CCGGCCGGAUUAGGCAGCCAG,0
GGGGUGUCUUUCAAACAUAAU,0
UAAGAACCGGUUGUUGAGAUU,0
CAAAGCCAGCUUUGUGGAUGA,1
UCAGCUUUUUUCUUUUCUUUC,0
GCCACAAACUUCUAAGGAUUG,1
GAUGGGAAGCUCUUCCAGUCC,1
AUGUGGUUGCUGGGAAUUGAA,0
CCCCCCCCCAUUUCACAGGCC,0
UACAUUAGACUUUUUUAAUUA,1
CAUAGAAUGAUCUGAGUAUUG,0
CUGUGCUCCAUAUUCCUGCUU,1
CUCUUCUCCUUUCUCUGUCCC,1
UGUACGAUGUUGGUUCCUGAU,0
AUGAUCAGCUUUUGGGGGAGG,0
GAGGAAACACUGAGGUAACGG,0
UUCCUUCCAAUACGAAGUUUG,1
UCUGGAACCAUAGAUUCGAGC,0
GCCUGCAGUUUAGGUAUGAUG,0
UAUGAUGUGGUUUAAAACUAA,1
GAGGUCAUUUUUUUUCCAAUU,0
AUGGGCUAAAUUUCAACAAUU,0
CCUCGCUUCCUUCCCAGGAUU,1
ACAAAUGCCUUUUAACCCUUU,0
CCAGGGACAUUUUGUAAGGAU,1
AGCUCUGGAGUAUUUGCACUC,1
GUGCAAAAUGUACUUCAAAAA,1
UUCAUCCAGCUAAUGAAAUGA,1
UGGGGGGUUCUAGGAGGAGCU,0
AAACAUAGAUUAUUUAUACCU,0
UCAAUCGAAAUUUAACCCGAA,1
AAAUACACAGUAUGUUUAUAA,1
GUGCUAGUGAUUGAGCCACCA,0
AAAUCCACUGUAUGGCAAGUC,1
UAAAGUGGUUUCGUAUAUAUG,0
GUCCUGGGGCUCCAACUCAGG,0
UUAUGAACUCUUCUGACGUCA,1
GAAGGCCACUUUGGAAGAGUC,0
GAUUGGCCGGUACAACCUGAC,1
UGGUGCUGACUACUUGAAAGG,1
AAUAUCACUAUAAGGAAAUAG,0
CCGAGAGCUCUUUAACCCCUA,1
UGGAGUGGUGUUUGGUGCCAG,1
GGACUCUUAAUCCCAGGGUCG,1
ACAGGGGACCUUCCUACGGCC,1
GGAACGCUCAUAAGUACUGUU,0
ACAAGUGGACUCAAAGAUGGA,0
GAAGUUGUGAUACGCGGAGCG,1
UGAAGACGGGUACAGUCAAGG,1
ACAAUCUAAAUAAGGGGAGUG,0
GAUCAUGAAUUACUUCUUGGG,1
CAGAAAUACCUCUCCUGGGCA,0
AGCAAUUGCCUAUGCUUUCUU,1
UCAAUGGGGUUGAGACAUUCU,0
UUUCCGCAGCUUUUUAGGAAA,0
GUGUGGAGAUUAUCAUAGCAU,1
AAGGGGACCUUGCAGUAACAG,0
UUUAUAAAAUUAUUAAAAUGA,0
GUACCAUUUCUUAGUGACGAG,1
UACCAAGCGUUAUAUAGUUAU,1
AUAAUAGUAGUUAACAGCACC,0
CAACACCUGGUAUGUUGAAAA,1
GCAGCGGCGGUAACCAACGCC,1
UUUAGGUUUCUGGGUGGAGCG,0
UAUCAAGAUUUACAAACCGCA,1
GGGUCUCUGAUACAUAAAAGC,1
CAGCAGCGGGUCCAGGGAGCU,1
UUCCCUUCCCUUAAAAUAUGA,1
GUCCCAAAUGUAGUGGCCUUU,1
CUGGGUUUUCUUUAUCCUGCC,1
CUACGUUUACUGCCCCCCACC,0
GAAUAUCUGAUAACUCCAGUG,1
UUAACGGCAGUGAGGACUGUG,1
GCACCUAACCUUCAAGAGACA,1
AAUGUCACCAUAUUAGAGGAU,1
UCCUUUUACUUACAGAAUAGU,1
AGUAUUAAUAUAUAUGAACAU,1
UUGUAAACUGUAAGGCUUGUA,0
GGUUAAAUACUUUAAAUGGGA,1
GGAGGCUGCUUUAGCGUCUUA,1
ACUGAUUCCUUCUCUAGGUGG,0
CCUCAAAGGAUCACUCUUAUA,0
GUGAUUGGGUUACCUCACUCA,0
GACAUUCCACUUCUGCUGAGC,1
AGGGGCCCAAUUCCCGCCAAA,0
GAGACACCAAUUCAAUGGCAU,0
AAAAAAGAAAUCCAAGAAUGU,0
UUAGGGAAGUUUGCACAGGUG,0
AUAUCCAAAAUCUAUCCCCUC,0
CAAACUACCAUUGGGGAGCUU,0
UGGAAACACAUUUUACCCAGA,0
AUUUUAUUUUUUUUGUUUCAU,1
GAAAGAAUUGUAAGCCAGCUA,0
ACUCAGUCCUUAUUUUCUCUG,1
AAGGAAAAGGUAACAAAUUCC,1
UUGAAAGAGGUUGGUACCAAA,0
ACGACUCUCUUAGACGAUUUU,1
GGUGGGGCCGUUCGUUCUGAG,1
UUUAAACCGUUCCAUUUUAUU,1
CCUCUUCUUCUUCUCUCCCCC,0
ACAUUGUAUGUACAAAAGUGU,1
CAGCCUGGCCUACAUUUCAAA,1
ACCUGGUGAUUAUGCACGAGG,1
UUAAAAUUUCUACUAAGGUAU,0
AGCAGGGUCAUGUUCGUCAAC,0
GAGAUAACUCUUCGCUGCCCU,1
CUAGUAGUGAUACAGAUGAUG,1
UCAUUUGAACUCAGGAAGAGA,0
UCGGUUCAUUUCCGGCCACCG,1
GAGGUGGGACUAUACUACGUC,1
AGGAGCAGAAUAAGGAAAGGG,1
UGAACGGGGAUCCAGCUUUUA,1
GGUAGGACAGUCUCUCGGUGG,0
GUGCCUUGCCUGCGGAGUCUC,0
ACGCUAAAUCUCCUUUGUUUC,0
AUUAAUUUGAUAUUUUGAUAA,1
CCGAGGCUUCUACACAUCUCU,1
AUAUUGGAGUUCCCUUAGCAG,1
GAAUGACAUGUUUUCAGCCAU,1
GACAAUACCUUCUGUGUCUAA,0
CAAGGUCUUGUUCCUGGAAGG,1
GCCUGUUGGGUUUCAAUGGAG,1
GAUCCAGACAUGGCCCUCCAA,0
UAACAUCCUAUUAUGACACUG,0
GGCAACAAUUUUGCUCCCAAU,1
CCAAGGUUUGUAUCCAUUAUG,1
CAUCACCAAAUGAAUUACAGA,0
UCCUUCGCUCUAGAGGUCUUC,1
UUUGCUGAAGUGGAAGGCGAG,0
AACAGGCUGCUUCAUGGAUUA,0
CACACGAGGCUAGGUCUUGGG,0
CCCACCCAAAUAAAAGAGCCG,0
GGGAAGGCUAUAAGAUAUUAC,0
GAGGGAGCUGUGAGUUGGCAC,0
AAUUGGAGGAUUAGGAAUAAA,0
UGGCAGAACAUUUAGAGGAGA,1
CAAAGUCCUCUAUGUCAUCAC,1
CAUGCAACAAUCUCCAUUUGC,0
CAGUUCUGAGUGUCUGGAUUU,0
AAAAGAAAGAUGGGCCUGGAA,0
CUUCUGCUCAUCUUAUUCUGG,1
GCUGAGGAUGUAUAUGAUGUG,1
UGCACCUCCCUUAGACGCCGU,1
GAUAACUGAAUUCUGGCCAUC,1
CUCGUUGUGGUGUUUGGUAAG,1
GCUACUUCGGUGUGGAGCCAA,1
GUUGCGAUUAUUUAAGGAAAU,0
CGCUCCCAUCUACUGCAUCUG,1
GGGGGGGGUGUACUAAGAAUU,0
UCAGUUUGACUAUUGUUUAAA,1
AUAACAGUGUUAGGAGGGGUG,0
AAGAGUGACAUGUUAUUUUUA,0
ACAACUAGGGUAUUUAGCUGG,1
CAAUGAAUUUUCACCUCCACC,0
AAUAUUAAAAUAUACAUAUUG,0
UAUUAAGCCGUGACAUUGACA,0
CCACAGGCCAUGGAAAAGUGU,0
AACAGGUAUAUGACAUGGUUA,1
CGAGAAAGCCUCUGAUGGUCC,1
UGUCAGUUGGUAUUAAACUCU,0
UCCGACCACCUCCCCCGCCAG,0
UCCUCAUUUAUACUGGAAGGA,0
UAGAGAAUUAUUUAUUUCUUU,1
UUUGAGUCUGUAGCUUUGGGG,1
AAGGGGGAUAUGUUUUUUAAG,0
CAUUGAGUGGUUUCACUUUGC,1
UAGCAGAACUUACCUGUGCAG,1
GGAUACCACUUUACCAUUAGC,0
CACCAGGUGCUGAUAGGAGAC,0
AGUUGUUUUUUUCCUAAAAAA,0
AGUUGCGGGAUAUUCCUCAAG,1
UUGCACCCUGUAAGAGUGGAA,1
UUAGUAGCUGUUUAGGGAGGG,0
AGCUGCCAUGUACAAAGAGAU,1
CGCACUGCACUGUCUCUCUGC,1
GUAGCUCUGGUUAAAAUAUCU,0
CGAUCGCCGCUGCUCCGCCCU,1
AUGUUUAUGUUAGCAACUGGA,1
GAUUCCAGGUUCGACUCCUGG,1
UCAAAUUUGCUUCCUUCAUGU,1
UGUACACAAAUAAAAAGGCUU,1
GUUUGUUACUUGUAUCCCUCA,0
GCGUUGGUCCUACAGCAUGGC,1
AACUAGGAGCUCUCUGGUUGA,0
GUAUUCUUCUUCCAAAGUUCU,1
AAAGAGAUAUUCUCUAGCAAU,0
CAAGAACACUUUGAGAACCAA,0
GAUGCUAUGAUAGUAUAUAUA,0
AAUUCAGAGGUUACCACACUG,0
UACUCCAAGAUGAUUUGGCGG,0
AUAUUUUAAAUAUUAAAAGAG,0
UGAAGAAAGUUUUUGACGUCU,1
UAUGUAGUACUGGUUGGGCCA,0
GGAGAGACAAUAAAUGUUUUA,1
AAGGAAAGUUUAAAGUUCUGG,0
AUGUAUUUUUUAUAAAGAAUA,0
ACCUGUCAGCUAACUCAGAAG,1
CACUGAUUCUUUAGCAGACAA,0
GCCCAGCCAAUCCUGAGUUGC,0
GUCCCUCUCCUUCAUUUCAGC,1
CAACCAGGAAUAUCUGCAGAA,0
UAAAGUGACAUGGGAAACAGA,0
GGAAUCGGUGUGCCAGGAUAU,0
UCUCGGCCCUUUACGAAUGUC,1
UGUUACACAUUGAUAACAUCU,0
GUCCCCCCCUUACUUUUCCUC,1
GGAGCAGCGGUACGGGCUGGC,1
UCCUGGAGUCUAUCGAUGAUG,1
GAGAAACCUCUAGGAGAUUAG,1
AUAAACCCUUUCCUCUUCAUC,0
UCUACCCGUUUAAUUAUGAUC,0
AGUGAUUUCUUAAGUUCAAGU,1
AUCUUGUACAUACCUUUUUCC,1
GAGCGACUCAUACCCCCGCUU,1
AGGCCCUGGCUUAUGCUAGGG,1
UUGGGGAUGGUAUUAAAGUGC,1
GCCUGGCGGCUUCUGGCGCCG,1
AAACAAUGAGUUAGGGUGCUC,0
CAGAGGGACCUACGGCCUUUU,0
AUUCCCCUUCUAUAUCUAGAG,0
UCUCACUCUCUUCCGAGUCCA,1
AUGUGUUGAUUUAUCAACAUC,0
UAAUUAAUGUUCCACUCUACA,0
GGUGUUUUGAUAUGGUAUUAA,1
UUCCAUGUAAUAGUUAGGGAA,0
GGGCUUGAAAUAGAGACCUCA,0
CCUUGAUUAAUAAGGACGCAC,0
AGGUUUUGUGUAAUGCCCCUA,0
AAAAAAGGUGUCAAACGUUUG,0
CUGGGAUGUUUUUUAAGUUUU,1
CCUAUUACUGUAGGUGUAAUC,1
UCCGAGCAGAUGUCUGACCAC,0
UUGCCAAAUGUUGGGUCCGGC,0
UAUCCUAUUUUUCCCUACAUC,1
CAUGCCCCUGUAGAAGAGUCA,1
AUCAAGGAACUCCACAUAAAA,0
UGUGCGUGUGUGUUCACAUGU,0
GAAGGUGCUGUAUAGGUUACU,0
ACCUAUCUUGUGGGUAGUGGC,0
AUUGAUGAUAUUAGGACUUGA,1
UUUGGAGGUGUGGCCUUGUUG,1
CCCCAGGGAUUUUGGAUCAUC,1
CUGUAGAGUUUUUGGCUUUUU,0
AUGCUAGACUUGCGAGCCUGC,0
AAAAGGGAUUUAAUAAAAUAU,0
AAGUCCAAAUUUCUACCUCUC,1
GGAAAAAUUCUUCUAAGUGGG,0
UGGUAUCAAGUCCAGUCCCAA,0
AGCACGCUGCUACCACCACCC,1
GAGUCAGCCCUGCAGGGCAAC,0
AUUUCAGACCUUGAAGACAAG,0
CGGAAACCCCUUUCCUAUUUA,0
GCCUCCAAAGUAUAAACAGAG,1
UGACCGAGAGUCCCACCAAGU,1
UUGUUUUUAAUUAAGGACAGU,1
UGCAUGGGAAUGCACUAAAUA,0
AUGUAAAACCUAAUAAAGACC,0
UGUGCAUUUGUCUUUGUUAAA,1
AAAUGACAUCUUUUUUCUCGU,0
GCGAAGACCAUCUCCCCCUCC,0
CUGGGGAGCUUAGGACUCCCU,0
UGUCAGAGACUGAGAGGAGAG,0
UUUGUGUGUGUGUGUGUGAUU,0
AUUCAGAGGCUUGGGACUUUG,1
AGAACUCUGAUAUUCCACCUA,0
CUAAGAUGUGUGUUGGGUUGU,1
UUGAUCUUUUUAUAAACACUU,0
AAGGGACAAAUUUCAGACUAC,1
UCUUUUUAUUUGUUUGUUUUG,1
CACUGAGCCAUGUACGCAAAA,1
UUUUAUGUGCUUUCAAAUGCA,1
UUGCAGGGGAUGAAAAGGGCU,0
GGUCCCCGGUUCGAAACCGGG,1
GCCGUUCCAAUAAUGGAUUCA,1
CUGCCAGGGCUUUAUAAAGAA,1
CUUUUUCACCUAGUUGUACCU,0
CCGGCUCCCAUUUGUCUGGUG,1
GGACGCUUUCUCUAAAUUGUU,0
UUUUCUGCGGUUUAUGCUUCU,0
GUCAGCAGUGUUUGUGAUCCU,1
GAACCCUUAAUUAAAAAAUUG,1
AUUUGAACUAUUAAAUUUUGG,1
UCUAAACAAUUAUCCUUGUUA,1
GUGGCUACAAUUGUUGCACUC,0
CCCGACCCUUUACCGAUGCAA,1
ACAGCAAGCAUACCAAGAAGC,1
UUGACCCCCCUACCCACGCGC,1
GAGUUCGUUUUAUUAAUAUCA,1
CUGCUGGCUCUAGAUGUGUAC,1
AUAAGAAAAGUUCCAAGGUAC,0
GCUCAGGGGAUGAAGACAAUC,0
CGGAUGGUUGUGAGCCACCAU,0
GUAAACCUACUCCCCAAGACA,0
CCUGGAUUAAUACUGGUUGGG,1
CAGGCUCCUGUCUGCAGGUAU,0
AGGAGAUUCCUACUACUUCCC,1
UCUGUAAGCUUAAGGCCCAAA,0
AGAAGCUAAGUAAAAUGGUGG,1
CUCAGCAGCAUACUAUGUUAU,0
UAAACUAAAUUAUGAAUGAAU,1
AAGAUUGAUGUAGAUAUUCCC,1
UUUUACCAAAUAUAUACUUUU,1
CGAGGUCCCCUAGACACAGGC,0
GCCCUUCUUUUUGCCUGAUUG,0
GUAUAGCCUUUUGUAGAAGGA,0
UAUCCAACCCUCUUUACAAAG,0
AUCCCUUAUGUUCAGACAACA,1
CAAGCAUCCUUCCCUGAGCCC,0
UGAGGUGCGCUAGGAGGGAGG,1
UUAUGGACUAUACCCUGAAAC,1
GAAGAACCCAUCUGAGUUUCU,0
GAAGAUUAGGUUGAAAAUUAA,0
GGUUUCACAGUACUCAGCUGC,1
UUUUUUUUGUUAUGGUACCGA,1
CCCAGCCAAAUCAGAUGACAC,1
CUUUUCCUAAUUAGUGGGUUU,0
CCCGGGUCACUUUGGGCUCGG,0
UGUUCUUUUUUUUUUUUUUUU,0
AGAUGGUAGAUAAAACCUAGC,0
CCAUGGCUGCUAAAGUAGUUA,0
AAUGUGGACUUGUAUAUUUGU,1
AAAAAUACAAUUCCACGUCAC,0
AUCCCAAAAGUCCCCCAUACC,0
GGAGAUUUUCUGACUCUUUCU,0
GAAAGAACGCUUAACAGCUCU,1
CCGGAAAUAUUCAAGAACGAG,1
GUGCUUCUGCUAAACAAGACU,1
GAUGGGACAGUAAAUGUUGAG,1
GCCCCCCUUCUUUAUAAGAAG,0
CUCACUGUUGUACUUCGGCUG,0
GUUCUGCACCUUCAUCUCUAU,1
AACUCCUGAUUCGGCGUGCAC,0
UAUAACAAAAUACGGGGAGGG,0
AUGGCACAGGUCGAAAGGCUU,0
CAGUGUAGGCUACUGUGAGCA,1
UGCUCCAUUCUAGCCAUUUCC,1
AGGAACUGCCUGCACGACGGU,1
AAUUAACAAAUAUAAACGUGG,0
UUUUGCUGCUUACAGGAAACU,0
GGUGCAGGAAUUCAACCGGGA,1
GAACAUACCUUCGAAGUAUAG,0
CACCUUCAGAUAACCCUGGGA,0
GUCUCUGGAUUUAUGGCUUUU,1
GGCGCCCCAAUGAUUGUAUAU,0
UUUUUUUUUCUAACUUGGGCU,0
AAUAUGCAGAUAUACCAAAAA,1
UUAACAAAUUUAUCAAUUCCC,1
UUAGCUUCCUUGUCCAAUGGG,0
GAUGGGACCCUGACCAAGAAG,0
CAACAAGUAGUAAAUAGCGGC,1
CUUGGGACAAUAACAGACACC,0
AGUUAAUUCAUAAUUUCCUUU,1
GACUGGCUCAUAAAGCAAUAU,1
CUGCAGAAGCUGUGUUCCAGG,1
AGUGGGCUGCUAAGCCUGGAU,1
CACCCCCAACUGCGGGCGCUG,1
UGGCCUCAAAUACACUUGCAU,1
AGACAAGAUCUUCAGGCAGAU,1
CCAAAGAGAUUAAAGACGCCA,1
AAUAGGGGUCUUAUGUUUUUA,0
ACGCCCAGCGUAAGGGCUUUA,0
UUUAAUGUGUUUACUCCUAGC,1
GGGAGGUGACUCCCUCCCUUC,1
CAGCGCUGUGUAUGCCGGCAC,1
UAGCAACAGUUUCGCCUACAA,1
UAGCCCUAGAUUCCAGGCAGA,0
GGAGAUGACUUUUAAGCACCC,1
AGAGCACCGGUAUUUCAGAAA,1
GGGGUAAAGCUUUGUACUAGC,1
GUAUCCCUGGUAUCUAAGGCC,1
ACCUGCACUGUAUCGUGCCUC,0
AGCCCCCUGAUGAACAUGAUU,0
AAAGAGAAGCUAUCAAUGGGC,1
AACUUCCUGAUACAGUGGGGU,1
GAGAGGCUUUUGCCUCAAGAA,0
UUCAACAAAGUAGGCCAGCAU,1
CCCCAUCUUUUUGGGAAAAGU,1
AUAUGGGUUAUAUAUGAGGCU,1
UUAGACCGAUUAUUGUGGUGC,1
ACUCACACCUUACCAUCUUCC,1
GAGAAGGAAUUUGCUAUGAAA,0
AAUAAAAGCUUUGCCGUAGAA,0
GUCAGGGUGGUUCGCGCUGGG,1
UGGAGGGCUGUACAAAGGAGG,1
AAUUUUAUUUUUAUUUCAAAA,0
CUCCUCCUCCUAGGUGCAGAG,0
CUCGGACAAAUCAAAAAGUUA,0
UGGGACUUCUUUAUGGACAGA,1
UUUUGAAAAGUUUAAUUGGUA,0
AUAAAAGUUAUACUGUACCCU,1
CAUUUGGUGAUUCUACCAUCA,1
UUAUUCGUAUUCUUAGGGGGA,0
ACAGACAGGGUACUUGUUUGG,0
UGCUGGAGAAUGUUUCCGCGC,0
UGAACUUGUAUACAUACACUA,1
GGGGGCGCGCUGGGAAGGCCC,0
GGAGUGAUUGUACCCUCUGGA,1
AAGAUGAAUGUCAAGGAUGUU,0
GCCUUGGAGAUAUGGGUACAG,0
UGUUUUUUCCUCUACCAGCCA,0
ACUGCAGACCUAUAAUUUAUU,1
UAGGAAAUGAUAAGCAAAGAU,0
GGAGCCGCCCUCACAUUCGCC,0
CCCUAACUCCUAAAUAUUUCU,0
AAUUUAGACAUAAGACUCUCC,0
GUUCGGUAGGUUCACGAUGAC,1
GGUCUUUCAUUUGGAGAUCCC,1
UUGUGUCUGGUGUGGUUGGGA,0
UUGUACAGUGUAUUCGUUGUA,1
UACCGACAUGUGUUGUUGUUG,1
UUCCUUUUGGUAAAGCAAAGA,1
AGUAUGAAGCUAUAAACGUUA,0
AUAGAGGCUGUAACCGCCGCU,0
UCUGAAACUCUAAGCCAGCCU,0
GCUGUAGAUUUACAGCAGGAG,0
AAGUUGAAUGUGGAGGGGAAA,0
UGAGCGAACAUUAGAAGAAGA,1
CAGGGAGGGAUACUGGCAUUG,0
CCCUAGUUUAUUAUUUUAAUG,0
CCAGCUGUAUUAUGACCCUUC,1
GUGCUGUUGGUACGGAAGGAA,1
UACCGGCUUUUACGCCAGACU,1
UACUCCCACCUCCUGCUCAGA,0
AAGUCCAGGUUAUCCUGUUAC,1
CCUUGUGCCCUGCCUGUCCCG,0
GAGCCAGUUGUGCUAUGAUCC,0
GGGGCAUCUCUCCACCAAAUA,0
AUCUGCACAGUCAAGAGAAGU,0
AUGUCACAAAUUGAGCAUUGU,0
GAGAACUCCCUAUGGACCGUC,1
GAUGUUCCCUUUCUUCAUAAC,0
AAGAGAAAGCUUUGCCCAAUG,1
GCUGGAGGGCUUCAUCAGCCG,1
GAAAAAGGAGUGGAGAUCUGA,0
UGGAAGGAGUUACAGAGACAA,0
UCAAAUGAAUUUACAUGAAUA,1
AGUCAGUAAGUCAGGUCCCAU,0
CUGCUGGGAUUGCAGAAAAUC,1
AUGAACCUAUUUUGAGUUUUU,1
UACGGCGGCCUCCGAGCCCCC,0
CAACGUCAGUUACAACGUGGU,1
UAUGGAUAGCUAAAACUGCCA,0
UUCCUCCAUGUUCUUUCUCUU,1
CUCCAAAUAGUUUGGACCAGA,0
GAGAAACCGUUUCAAAAAUAA,1
CCUAUACAAGUCAAUGAAUAA,0
AACACCGUAGUAUUGUCCAAA,1
CUCAGGUUUCUAGGGGACGAA,1
AUGUGUUAGGUGUUUAAAAAU,1
CCACUAAGGGUACAUGUGCGC,1
GUUCUUCAUGUAGCAGACUUG,1
AAGGAUGGCAUGGAUACUAGG,0
CUUGAAGGAUUACCGAAGCUA,1
UAAGAAUGACUACCAAGAGGA,1
CAGAUAAUCCUAGAUUGUGUU,0
UUUCUUUGAUUGGUGGUUUAG,0
AUUAACCGCGUUUGGUAGAGU,0
AGUGGGAACGUUAGAACUGAC,1
UAUUAUGUGGUCAAUUUUGGA,0
UGACUACGGAUCAGAAGAUUC,1
CAUGAGAUCCUGGGGACAGUC,0
GACAAAAUACUUUGGGUCUUA,0
CAAAAGGACAUACGUGGUAUG,0
UGAGAAGGAUUUUAGCUAAAG,1
AAAAAAAUGAUUGUUGUUUUU,0
UUUUCUAAUAUAUAAAAUACU,1
AACCCUGAAGUAACAAAUGAC,0
GCCAGAGAAGUACGACAGUGG,0
AUUUGAUUUGUGCGGGUUAAA,0
UAACUGGUGUUCAGUCGAGGU,0
AUCUAUGAGUUCAAAGCCAGC,1
CAAAUGUUUGUAGAAAGAAAG,0
CGCUCACGCCUCUGCGAUUAC,0
CCGCGACUGUUAACGUGAACU,1
GGGAGGAGAAUGUUAUAGUUU,0
ACAGCGACAGUACAAAGAAGA,1
GGAAAUAGGGUUCAACCAUGC,1
GAAGCAUGGAUACAGCUUGAU,1
CAGAACGAGCUUAAAAAGAGG,1
UACUAUAACAUAAGUAAGGUA,0
AUUCGAACCCUGGCAGCAACG,0
CCAUCUUUGCUUUUGCCACCU,1
GCCCUCGGACUACACGUGGAG,0
ACCUAGGUUGUUUCCCUCUGC,1
UCGAGCAGGUUAAAUCCCUGA,1
GAAGGAGUUCUAAUACAUCAU,0
AGCGUGGCGCUUCGGCGGGCA,1
CUUUUUCCCCUUGGUACCUAU,1
AUCAAGAGGCUACGGUGAUAG,1
GGAGUCUCAUUUGCAGUACAC,0
CUCUGAGAACUACACGGAGAA,1
GAGUGGCCACUACCAGAACCC,1
UGGGGAGUUAUUUUUUUCCUU,1
GCCUACAGUAUCCCAGCCUUG,1
AACUAAAGCGUAUUUUAACAC,1
UUCCUAUAUGUAGGAGUGUCU,1
UUACGGUUCGUAAUCUCGAGU,0
GAAAAUUAAUUCUGCAGAGUC,0
UCGCUCUUGGUUUUGGCUUCC,0
ACCGGGGCCAUACACAUACCG,0
GGGUGUGAGUUGUCACAUUUU,0
UUGUGAGCCCUGCUGCCCCCU,0
ACACUGUCGCUGUCUUCAGAC,1
UUGGCUUAAAUCAGUUUACAU,0
GACUACAGGCUCCCCUCAUUG,0
UUGAGGCAGUUGCCAACAAGA,0
AUUCACCCGGUAACCUCCAGC,1
CAUAAAAUGUUUUUCCUGGAA,1
AAGAAGAAGAUAAAGGAGGAG,0
CCAUGUCCGCUAUGGAGGCGG,1
AGAGUCAAAGUAGUUGGCCGA,1
AGUUGCCACUUUAGCAUAGGC,0
CGCAUAUUAAUGAGGUACUUG,0
GAGGAAGCUCUUCAACUCUAC,1
AGUUCCCUUUUGGCACAAGGG,0
AGUCUGUGUUUCCGACAUGGU,0
UUAUAGACAAUUCCAUGUUAC,1
AACUGAACAAUUCCAAGUACU,1
UUCUCAGGACUGAAUGGGAUA,0
GUGGAUGCUGUAACCCCCAGC,1
CAUGGGGAAAUAAGAAAAGAU,0
UCGCCUGCUCUAGAGGAAGAA,1
UGGCUGUGUUUGUUGCCUCAA,1
AAAAACUCAUUAUUGAAUCCA,1
UCUUAUUGUAUAGGCUUCUUU,1
UUAAUUUUUGUUUUUAAAGCC,1
AAUGUGGGGUUUGAGUCCCCG,1
AGAAAGUUUCUUAAAGACUCA,1
CUUAGAUAAAUAAGGUUUCAC,0
UCUUUCCAGAUAAAAGGUGGA,0
AUUCGUAACUUUUAGAAUCCU,1
UUUCCAGGAGUAAGAGGCUGG,0
CUGUGGGAGGUGGGGAGAGGG,0
AGUAGCCACAUUCUUCACCAA,0
ACAAAGGGACUUAAUACUGAA,1
CACACACACAUAUGUGUGUGU,1
CGUAAAUUUAUAUGUAUACCA,0
AAUUCUGCUGUGAAUUUUCUU,0
GCGGGCCGAGUUCGGGCCUCC,1
CUACACUUUUUCACUGCAACC,0
CUGCAGCCAAUCAGGGAGUGA,0
AUUUGAUGGUUCCUGGAACCA,0
UCCAGGGGAGUUGAUCCCAAC,0
GGAGGACAACUAGGGAGGAUU,0
CAAGACGGGUUUUUUGUUUUG,0
GAAUCUUGGUUAAACUCCUUA,1
CGAUCCGAGUUCAAAUCUCGG,1
UUUGUAAGCCUAAGGAAGUGU,1
ACCCCCCUAGUUCCUGGGCCC,0
ACUAUUGGGUUACAGCGUGAG,1
UGGCUGUAAAUGGAGAGGAUA,0
AGCACCCGAUUUUCUACUGGG,0
GGCACCGAGUUUCCUUGGGAG,1
UGGGCUAUCUUGUUGCCAGGU,0
GUUAGCACUCUGGACUCUGAA,1
ACUAGUUCACUCACUCCUCCA,0
CGUGGUUCUCUUUGUUUUGGU,1
AAUACAAAAGUGGUGCUCUGG,0
CCUUUGCCCAUGUUAACAUUA,0
AGGAGGGUAAUAGAAUAAAUA,0
CCGAUUGCUCUUCCAAAGGUC,1
ACACUGGACCUACAGUGGCUG,1
UAAAAAUAAAUGACACUUCAG,0
AUUCAGUAUUUAUUAGCCCAG,1
UUUCAGUAAGUAGGACACAGU,0
GUUUUCAUUGUAGUAUUUUAU,1
UCUUUUAACAUUUGAAAUAUC,0
GAUCCCUGCCUAUCAAGUGUU,1
CACACUCUCCUAAGAACAGAA,0
UGGGGAUGUGUUCAAAAUGUA,1
GGGAAAAUGGUACAUAAUUUU,0
GGUAAACUUUUAGGCUAUUUG,0
AGUGGGGGAAUAAAGAAGGGA,0
GGAGUUUUUGUGGAAGAAUAU,0
CGAGCAUGCAUUGCUUGAAAG,1
AAUCGCAGCUUAUCACAAGGC,1
UCCUGGCAUAUAGGUGACAAU,1
ACUUUUUAUUUUAAAAACCCU,1
AACUGGAGGUUUUAUUCCUCU,1
CCAUUGCAGAUUUCAUCUUGG,1
CAAACCAACCUGCCUUUUUCA,0
GCCCAGGCAAUCUUAAAGUCA,0
GAAAUAAUCAUACUCAGGGCU,0
AAAAAAUACCUACAAAUUUCU,1
AGUUCAGAGGUCAAAGGCAGU,1
UUUGUGGUGGUGUUAAAAAGA,0
AGCUUGUUCAUAACUUUAGAG,0
ACGGCACCCCUGCUGAUCUCU,1
UUAAUGAAAAUAUCCCCGUUU,0
AUGAUGAUGGUUCAGUCUCUU,1
GCUUGUCCACUGACUAGGAUC,1
GGGGGGAGGCUUGUUUGCUGU,0
UUUACAUUUUUUUUUUAAUGU,1
AGAAAAGACAUUUGUUGCACA,1
GAUGUAGACCUGAGGCCUCAG,0
GGUUGCAUUGUGUAGUGGGAC,1
UGAUGCCCGCUAUGAAGCUGC,1
CUUCUCUCUCUCUCUCUUUUU,1
GAAGAGCGCCUAAGCAGUGGC,1
GGUGCAUGCCUUUAAUCCCAG,0
UUCUACAUCCUUGGGAUCUUU,0
UUGUGGAGAAUAUGGCCGAGU,1
GGAAAAGGGAUAGAAGAUACA,1
CCUGGUUUUGUUCUUUUUCAC,1
GACGCUCAGGUGGCACGCGGC,0
AAAGAAAGGGUUUAUUAAAAG,0
CUUGAAAGGUUUUUAUCUAUG,1
CAGUGCCCGCUAAAAGUCUCU,1
UUUGUUGUAUUUUAAAAGUGC,0
UUAUUUAAUCUCAUCAGUGGU,0
UGGAAUUGGCUAUCCAUACCC,1
AGGAGACCGGUUCUUGAAUUU,1
UCUUAUCCCCUACAGUCAUAA,0
GACCCCCAGGUCCAAGUGGGG,1
CCAAUGCUCAUGGACUGGCAG,0
CGGGUUUGUGUCAUUAAAGGU,1
GUAAAAAGGAUUAGAUAUCCA,0
AUCUGGGCAAUCCCCCAACUG,0
AAAACAAUUUUCUUAAAGGAA,0
GGCUUUUCAUUUUAAAUCUUU,1
AGACCCGGAUUUAAAAGCAUA,0
ACCCCAGGAGUUCAGCUUCGG,1
GGGGUCCAUAUACAAGUAAAA,1
UUCAACCGCUUCCUUAAUACA,1
GAGUGAACAAUAAACCCAGAA,0
UCUAAGCCCCUACCCCCUCCU,1
AGCAUGAACUUGAGUGUGGUG,0
GGGCACAUGCUCCCCUAUGUU,0
CUAUUUGCAAUACAGAUGAUU,0
CAACAUUUAAUUGGGGCUGGC,0
GGUAACAGAAUCACCAGGGGA,0
AUGAGAUGUUUAUAGGCCCUC,1
UUGCCUGAGAUGGCGAACCAA,0
UAUAUGAAUGUUUUAGCAGUG,1
AAUUUGGUUAUUAGGAGGAGG,0
UGAUGAUUUUUAAGGUAAUGG,0
CUUUAAAAGAUUUUUGAUUAA,0
GGAAUUGGGGUACGGAAAAAA,1
UUAGGAUGAUUAGUAACACAA,0
UUAAACAAAAUUUACAUUUCU,0
UUGAUAAACCUGGGAGGGGGA,0
AGCAGCAUCAUAUUAUCCUAG,1
GUAUAUAUUCUGUGUGGUCUC,1
UAAUGGGUGCUGACAACAUCC,0
AAAACUUCCCUACCCAAAUAG,0
GAAAGAUAACUACCUUGGGGA,0
UGAAACCUGUUUGCUCAGGUU,0
AAAGUCAGGGUUUAAAUGACA,1
UACUCACUUGUUCACCAGCAU,0
ACUUCCCCUCUAAUGCCCCCC,0
GGUUGAGAGCUACCGGGCCAU,1
UUUCUUUAAAUAAUGUGUGUU,0
CCCAAGUCAGUAGAUGGUUGU,1
UUAUCUAACUUGAAGAGGGAA,0
UCCAAGAAGUUAUAACCUUCC,1
GAAUGGACAAUGAGACAGGCA,1
GGGAGAGUCCUCACGUUGUGA,0
CCCCCACUAAUAGUAAUCCUC,0
UCUUCUAAAGUAAGAUCCCCC,0
GUGGCCCCUUUCUAAAUAGUU,0
GGUUAGAGCGUGGUGCUAAUA,1
CAAGCCGCGCUGAGGCUGUUC,0
GGUGUUUCUGUAGGAUCUUAG,1
CGCUAAUAUUUUUUUUAUUAA,1
UAUGGUAUAUUAUUCAUCUAU,0
CAACAGAAGAUCUUCCUCCGC,1
GAAACAACCUUAUCAGGCUUU,1
CGUCAGGUAUUUUAUCAGAGC,0
UCCGCCUCCCUUAUGGCCUCG,0
UCUGAAGUUCUUCUUAAGCCA,1
UGUUCCUGGCUCAAGUUCAGG,1
CGUUAUUGGGUACAGGAUUGA,1
UAAUCACGAUUAAGUCCUGGA,1
ACAGAAAAUGUAGAGUGUAAC,1
UGCAACUAAAUAAAAAGUAUU,1
CCGAAGUGUGUCCACCUCUGG,1
CCCCUUUGGAUUCAACCCCUC,1
UGGGGCGGCGUACAAACACGU,1
UUUGAACCUCUACACCAGCAU,1
GGAAAACCCCUUCUAUCUGCU,1
GAUCUUUUUCUAAGAGUUUGG,1
CCACCCGGCCUGAUAGUCUGG,0
UGACCUAGACUUCAACCCCAA,1
AGGAUCAGAUUAAUGAUCUAA,1
ACUUAAAACUUUCAAAUAAUG,1
UAGUCGGCCAUAUCCUGCUCA,1
CUCCCGCAAAUCCAUUCUUGG,0
CAAGGAUUCAUUUCCCACCAU,1
AUAUGCAGUGUGGUUAUCUCA,0
UAAAUGAGAAUACUACUUUAG,1
UGUGGUUUGUUUGAGACAGGG,0
GAGAUUGAUUUUCCUAUGGUC,0
UUAUUAUGUGUCGGGAGGAAU,0
UUUUUUUUUUUGGGGGGGGGG,0
UUUUUCCGCAUGUAUAUUCAG,0
AAAUGUUAAGUGAGGACAAGG,0
CAGGGGCAGUUGUACCCCCUA,0
UAAAUGGUUCUUUGACCUCCU,1
AUCUACAUCUUAUAUUACUGC,1
UCUACUUCCCUUUUUAGGUUU,1
CGAUUCCUGUUAUUUUGAUUU,0
AAGAGCUUGCUCAAAAGGGAC,1
GGCCGCGCUUUAUGGUGGCGU,1
UUAAAAUGACUCUCAAGGGCU,0
CUGAGGCAUUUCUUACCCUGC,0
ACUACCUGCCUAUCUCCAGCA,1
UAACCCAUCUUUCAUCAGCGA,1
ACUCCUGGAAUUCUGCAAGUU,0
AAAAGAUGUGUUCUCAGAACG,1
UUCUUUGUCAUAUAUACCACU,1
AGGAAGAGGCUGAGCACAAGG,0
UUGAGAAAAAUAUCCUUGUCG,1
UAUUUGGAGUUUGUCUUAAGA,0
AACACAAAACUACAAAAGAAC,0
AGGCUGUUGUUAUUACUACAA,1
AGUCCCAAGUUCAUGGAGGUG,0
UGUGGCAUACUGAUGACCUGC,1
GCAAAAAAUAUCAUGGCAAAG,0
ACUGCUGGCAUUCCCUUUGGG,0
CUGCAAAGGGUGGAUUCUCAU,0
GUUCAGGUUCUACCCGUUACA,1
AUGAUACCACUAACAGUAUUC,0
AAAAUGUCUUUUCAGUGGUCU,1
UAAGCUCUAGUAAACAUUCUA,1
ACAGCAGCUAUGUAGACUAGC,1
CCACCUGGGCUGCAGGAGACC,0
AACUAUGUUUUAAUUGAUGAU,0
GACAUACCUGUAGACAGCCCA,1
CUGAUUAAGGUUCAUUUUAUU,1
UUGUGCAAGAUACAGCCCCAC,1
GUGAUGUCUAUCCUUGAUAUU,0
GGUAGUGAUGUUCGAGACAUG,1
UCAAAAGGCGUUAGAAUCUAU,1
AACAUUGAAAUGGGUCUUCUC,0
AGAGACGAGCUCUGGUGGUGG,0
GUCUACACGCUGCCUGAGUUU,1
CUGACUGCUCUUCUGGAGGUC,0
AAGUGAAGCCUAAGCAGCCAG,0
AGAGCGUCCUUAGCGAGCCUC,1
CAGCAAAGUGUUCAAGAGCAA,1
GGGGAUAGGGUAUGAGUAUAC,0
ACAGAAUCAGUACCAGGCCUG,1
AGCCUCUCUGUAGGAAUAUUG,1
ACUGCUCAAAUGCAAUGCAUU,0
GUUGGUGGUAUUAAAGAAGAC,1
CUUCAUUCAGUACAUUGCCAG,1
CAUGAUUUAAUAAUGCAAUAA,0
CUCAGUGUUGUUUCUAGGGGU,1
AGGCUAGAGUUAUAGGCAAGU,0
GCCAUUCAAUUCCUUAAUACU,0
GCAUAGGGAGUGGGAGCAGAA,0
AAAAAACCGCUAAUGUAGCUU,1
AAAACAGCACUGGGUGAGGGC,0
AACUUCAGUAUAAUGGUUUAU,0
UCACCAGAGAUAAAUGACAAU,1
CUGAGGCAGGUGGAUCUCUGU,0
GGAUCAAGUGUUACACUAAAA,0
AUUGUUACCUUAGCUCCCCCC,0
AUAUUUUAGCUAAUGCCUCUA,0
AGGAGUAGGAUGGGGGCUGGG,0
GGCCAACCUCUAAGGAUGAUU,1
GUGAAAUGACUUAUGGGGUGG,0
CCCUGUUUUAUGCAAUGCUGG,0
CCCGAAUACAUAAAAGGUUUC,1
CCUGAGCUUGUUUAUAUUUCA,1
AAUGCAAAUCUUUAAAAAGGA,1
UGGGGGUUUUUUUGGGGGGUG,0
AUACUAAGAAUAAUAAAUAUU,1
CUUCUGCCACUACUAUAUAGC,1
UAAGAAAGAUUUAUAUAAUGU,1
GACCCAGAUGUAGCUGUCUCU,0
AGGGACGUGGUUUUGAAGGCA,1
AUUUUCUCUUUAUAACCUUGG,1
UGUGGAUUUGUAUCAAAAAAC,1
GACUCUGACAUUCUAGUUGGC,0
AAGGACGUUGUAGUGGAAUUU,1
CAACUGAGGCUCAGAGGCCCC,0
GUUGUGCAAAUAACUUCAACG,1
CCUGUUCCCUUAUAAACAGGC,1
GAGAUGAGGAUUGGGGUGCAU,0
GAAAAUCCACUUUGGAUCCCG,0
CGCCUUCCUCUUCAACAACGA,1
CUUUCCGCCUUACCACGUGGC,0
UAUGGUCACUUGAUCUUUGAC,0
CCCCACUGACUAGCGUUCAUG,0
CCGCUACAUGUUGACAGCGGG,1
AAGAUGUCCUUUCCGGAGGGG,1
UUUUCUGAAGUCCACCUUCUU,0
UUGGAAGGAGUUUCUGGGGAA,1
UGAAACACCAUGAAUUUGAAA,0
AAAAAGAGUUUGGACUACACA,0
UCUUGUAAUUUUGUACAGCUA,0
CCGCCCCGUCUUAGGAAGGAC,1
GGUGCCCAACUAGAAACUUCA,0
GGAACUGGCUUACAGGAAGGA,1
CCAACCCACAUACACAGAGAG,0
AAUGAGCCACUCGAGGGGUUC,0
GUGUUGGGGUUCCCUGGACUG,0
AGAUAUCAAGUAUUUGGAAUU,1
GGGAAUAUUGUAGACUUCUUU,1
CAUUUUCACUUAUGUAUGAAA,0
ACUAUCUAGUUUCUGUAGGUU,1
UGAGCUAUGGUGAGUCUGGGU,0
UGCCUCUUUCUAGGUUCUGCA,1
AAGUCAGUGUUCUCACUUGGG,0
AUUCUCAGGAUCAACAAGGUG,0
CUCUUAGGAUUACGGGUGACC,1
GAAAAAAAAAUGUUCAUGUCU,0
AGGGGAGUCCUACCCAAGCCU,1
AAACUGUCUGUAUCAGGAUGU,1
CCCGCAGUUCUGGUUCCGGAA,0
CAGUCAAAGUUAAAAGCCACA,0
UAGUUUCAGAUCGGGUUGCUU,0
ACAAAACACAUAUUAUUUGAG,0
CGGGUCCCCUUCCCCUUCCUU,0
UUCCUGGCUUUUCCUCCUUCA,1
ACUGCAGGCAUUCUGAGGGAC,1
CUGGCCACCAUGCAUAAGUUG,0
AUUCUGGGGGUACCAAGUCCG,1
AUGGCCAGGCUUGAUUUCAAC,1
AGGCCGACUGUACCCAUGAGA,1
AGUUGGGGGUUUUACCUUGUA,1
CCUGGUGGUCUAGUGGUUAGG,1
UUCAAUUUAAUAUUGAGUUGC,1
AGCAUUAUUUUAUUAAAACAA,0
GGAGGUGAUGUGGUGCCUAUG,0
CCCUUAAGGAUAUGUGGCUAA,1
AGAUAUUGUGUGAAUUUGUUU,0
UGAUGAUGAAUACGACCGAAG,1
GUAAGGUACAUAAAGAUCCAA,1
GGGGAGCAGUUCAAGCCUGCC,1
GGGAAGGUGUUCAAGGCCCAC,0
UGGCAAAUCAUCUUUCGGGAC,1