UAAGAACUAGGUAAAUAGGAAGGAAUGGUUG,0
AUAAAAAUAAAAUUAUUAAUAAUAAUAAUAC,1
UCAAGUCUUCAAAAAUUAUGCCGAUGGUUAG,0
UUAUGAAACCAUGGGUUUCUUGACCCUACCA,1
AAAAAUGCAAUCUGAUACCCAAGAGGCAAAC,1
AUACUGCUGAGAGAGUUCUGGAAGAGAAAAA,1
AACCCUCAUCCGAGAUAUACACAUUAAACGG,0
UUAAGUCAAUCUCAGUAGCACCUCGCCUUCC,0
UGUCUUGGCCGCAUGUUACAACAAUGACGGU,1
UUCUUUCCAAAAGUAUUGAAAAAAUGCAAUC,1
AUCCGCCGAUUUAUUUUUCUGUGUAAGUUGA,0
CACUAAUAGGGAACGUGAGCUGGGUUUAGAC,1
CCCCUCAUCUUUGAGUGAGAAGCUUAUAUGC,0
AAGGACCGGUAUUAUUGUAGGGGAUUUGUGA,1
UUUCAUUCUAUGGUGUAGCGUGAGAUCGAGG,1
CACUUUCGGUUUUGAUCCGAACAACCCCGGU,1
AUCGAACAUGAAGGAUGCUGUUUUUAAAAUU,0
CCAACUGCAAGGCCAUUACCGAUGCCGCUCC,1
AAUCUAUUCUAAGAAUUGCAGAAUCUUUUGC,1
UUCAUUUUAACCUUGUAUUGUAUUUCCUUUG,0
UAUUCAGUCCCUCACUCAACUGGCGUCAAGA,0
UGUGAUCAAAUGCUUUGCAAAAGGGUAAAAC,0
UCGCGCUCGCUGACUUAUGGCGCCAAUUGGU,0
CGGUAGUCGAUAAAUUUGUGUCAAAUUUUUU,0
ACGUGAUACCGCCUCUUUGGAUAAUCUUGUA,0
AUCGUACCACCCAGGUCCAAAAGAUCACAGC,0
GGCUAAGGAUGACGCUGUUAAGCAAUUAACU,1
CGCCACUACUCCAAAUGCUACGCAGCCAAAU,1
CUAAUAUUAUUGCCUUAUUAAAAAUGGAAUC,0
UUGAUUAAUGCUGCAUUUACGUACCAAGGUA,1
AAGGAAAGGAGGCAAUGAGAACUUGGGUCUU,0
UUUAUUUUUGAUCCUUACGGAUUUUUAAUAC,0
UUGGUAUUCACUCUGUAGUAAUCAAGCCAGA,1
UUUACGUCGGAAAGAUAAAUGCCGUACCAUU,0
AAUUGGCCUCGUUAUUGGGCUAUGACACGUA,0
ACGAAAAUUCUGCUGUAGUCUUGGUUAAGCA,1
CUCCUGAUUUGGAGGUUAUGGUAGAUAAGGG,0
CUGUGGACUACCGUGUGCGAUUGCUAUGUGA,0
GAGCAUUGACAGGCAUAGGAGGUGGUGGCUU,1
GACAUAUGGCGAGGCUUUAGUACCACCACCG,0
UAGAACAAUUUUUAUUCCCGUUUUACUGAUC,0
CUGGUGCUAUUAACUUCUACUACGGUUACGU,1
UCUCUUUACAGACGAUACUACAUUCCGCCAU,1
CCUAUGGGCGGGUUAUCAGAUAUUAUCAGGU,1
CACGACAGACCAGGUUUGUUGUCCAUGGCCA,1
AGGCAAAAUUGCAUAUGCGGAUGAAAUCAAA,0
AAAGGGGCGAAAUGCUUGUCCCAUACUUUGG,0
UACUGUCUUGCCAUGUAACUGGACUCCAGGU,1
GUCUUUUUGACUAAUUUUCAACCUAUUCUUA,1
GGGCCAUUACGUUCCUUUGCCAGCUCCAUCC,0
UGGUAUGAUUCUCGCUUUGGGCGACUUCCUG,1
GGCGCGGUCGGGGCUUCGACUCAUUUGAUAC,0
UGGCGUGUUAAAAAAUGUUUUUGGAAGUAAA,0
ACUUUGUUGGUUGGAUUUAUUUCGAUUUACA,0
CCACUCCAUCACCCAUCUCUCACCAUCAGUA,0
AAGGAUAUAUAAUCAUGGAAGGGUGACGCAC,0
GCGGGGAUCAGCGGUUCGAUCCCGCUAGAGA,1
UUGCCACAGCUCUUUUCAUGGAACAUUGGGC,0
UUCCAGGAAGGAGUGUCUAGUGUGGGCAAGG,0
CCUCUACUGAGGAUAUUCCCACUAGAAAACU,0
GGUCACUGGUAUGGUUCUACCCCAAAAUCCA,1
CGAGGCUAUUUCUGUUUUCGAAACAGCGCGU,1
AAUAAUUUAUACGUAUACUACAUCGAGACCA,1
CAUUCAUGGUUCUUGUGGGCUGGAUGAUCGA,1
GUCGCCAUCUUAGUAUAGUGGUUAGUACACA,1
UUUGUUGGCCCUAGAUAAGAAUCCUAAUAUA,0
AGUCAAAUGAAAGUUUAGACGAUAAUGAAGA,1
UUACACUCACACCAAUGAUGGCGAUAGUCUC,1
CAAGAGUAGACCAUGUAAGAUUGUCGACAUG,1
CGGUUCCGAAUAGUGUAACUGUUGGUGCUGA,1
AAGACCCUGUUGAGCUUGACUCUAGUUUGAC,1
AUUGAGGUUGCGACUUUUUCGUUUUUGCUUU,1
GCGGCUUAAUUUGACUCAACACGGGGAAACU,1
UUUGCCCCGUAUCUGUAGCCAAUUGAAAGGU,1
AAUCCAACGUUGCCAUCGUUGGGCCCCCGGU,1
CAGGGUUUUGGAUAGUUUUUUGUUUUCCAAU,0
CUGCUUUAUUUUUCUUUGAUAUGGGCAAUGG,1
AGGACUGCACCGAAAUAUUUCAAUCAAAAUC,1
GGUAUUCUUUGCGUCUGCGUGAAUGAAGAAG,0
UGCUACACGAAGGUCUGCUAAAACGAGACGA,0
GUUUUGUUCUUAUAUUUCCAGCUAGGGAGCC,1
GGACACUUCUGAUGUUUCAAAAGAUAUCCCA,1
GGUGCUAACAUGGGUUCUACACCCGAGGCUA,1
AAAAAGUUGACGACGUCGUACUUCCACCCUG,0
ACUAAUGUUGGAAAAUAAUCCUACGAUACAG,0
GAAAAUGCGUGUUCCUUGUGCCAUCCGAAAG,0
AGAUUAUAAAGGAUAUUGUCAUAUCGGAUAC,0
CCCAGAGGAGCAAUUUGAGAUAGAACAAACU,0
UCGUCUCUUUGAUUUUCUUUAAGGCGCUAUU,1
UACGGGCGUGUGGUCUAGUGGUAUGAUUCUC,1
CAGAUGUGCCAACUGUGUCAAGGAAAGAAUC,1
UCUCCACUUGCCCAUUCUUCAGUUUGUUCCU,0
CGGACGAAAACACUGUAAUUGCAAUAGUUAG,1
AAACGGAAGAAAACUUGGUGCCCCAGGCCAA,1
AUUGAACCGCUUAAGUUCCGUUGUGAAGUUU,1
CCUUCAUACCACCAGUAACUCUGGCGAUGGU,0
AAUCUACUGCAAUUUUUUACUUUUAGUUUGU,0
AUGUCGUCUAAUGCUUACGUGAGAAUACCGC,0
AUGUAUGUUUUUAGGUGCAUAUUAUCUAAGU,1
CUAGCUUUGAAAAGGUAUACUGGAUGCCGGU,0
UGUCCCUAUCUACUAUCUAGCGAAACCACAG,1
AACUAUUAAAGUUAUUUAUAACCCGCCCGCU,0
AAAGACACUGGUUCAUGAUGACUGAACAAAG,1
CCGACCAAAAUAAGGUCCCUGAAAAUGAAGC,0
GAGUGGUUUAAAGUGUGAUAUUUGAGCUAUC,1
UCAGGAGCAGAUUUGUUCCGACGUAUCCACA,0
GCCCAAAUGACCUAUUACUUUUAUUCAUUCU,0
CAAGGGGAAUCUGACUGUCUAAUUAAAACAU,1
UAUUCGAAAGUUUGAUUAGAGAUCACGGCCG,0
CCACUGACUACACUGUAGUCACUGAAUAUAC,1
UUUACUAUUAUUGGAUGUUGCGCCAUUGUCC,1
ACAUUGAAUGCGAGUUCGAUUCUCGCUAUCU,1
GUUUAUUUUUCACUUUUUUCUGGUUAUACUA,0
CCAAGGCUCCACUUCUUCCAUUGAUGAAGCA,1
CGCGUCGAAGAAGGAUAAGGAAAAUUUCAAG,0
GCCAUAAUGAAGUAUUUGUUCACGCAAGCAC,1
CUACCACUUACCAUGUAGUAUCAUUUUUCGC,1
UGGUUAUAAGGGGAGUGGCAGCGGCGGUAGA,0
GCAGAUUUUUCGUGAUUGAAUCAAACAAAGA,1
GAACUUGCCCAUCGUUUGCGACACGAUCACU,1
AGGAAUAUUAUUAACUAAGCCUUAGAACAAG,0
UCCCAGAUGCCAUUAUUAACCUUGACGAUGC,0
AUUGAGAAAAGUUUAUGAGUUAGCCAAACCU,1
CCCAAUAAGUGAUUCUCGAGACGAAUUGAUC,1
CUAUAAUUGCUGAUCUUCCACUUCCCGAUCU,1
ACGAAAUCCCCUCAGUAUAUAAUGAUCUUUU,0
AGGAGGCGGAGGGACUUUUGCCAUUUUGGGU,0
GACAGAUAAGGUUCUUUACAAGAGAAACGGA,1
GUCUAAGGCGCCUGAUUCAAGAAAUAUCUUG,1
ACUUCGGUCAAGUCAUCUGGAGGUCCUGUGU,1
UGGGACUAGAGUCUCUAAUUUGGAAAAAACU,0
AAACUAUGAUCUCAAUACAGGCAUAAAGAAU,0
CAAAAACUUCAUUGUUCUUUUCAUCAAGGUG,0
UUUAUCUGCCCCAGUUGCUGUGACUGUCACG,1
UGUCCGCGCGAGUUCUAACCUCGCAUCCUUC,1
ACCUCCGCUGAAUCCUGGGGUACCGGUCGUG,1
AAAUUUUCAUUUCAGUUGUUUUUGUAACAGG,0
GUGCCACCAGGGAUAUACAAACCAACUUUUU,0
AAUAUCCCCGAAGGAUAAUUAUUUCUUUGCG,0
AUAGUUUCUGUCCCGUAAGCCAUAGCAGCAA,0
AUUUGUUGAUUUGUUUAUUUAUUUGUUGGUU,0
GCUCACAAAAUUACCUGCAAUUUGAGAACAC,0
AGGCCUUUGGUUCUGUAAUCUUCUUCACCGA,1
ACAGCCUCGCCCUCUUCCGUUGGUUGUUUUG,0
AUUUGGCCAUGAAUAUUGAAUAGUAACAAGA,0
ACUUCAAAACUACUUUUUAAGACCAUCCUUU,1
UAAUCUCACCACUACUGUAUACCCGCUCCUU,0
GAGUAACUAUGACUCUCUUAAGGUAGCCAAA,1
UGACCUUUAUGUAUUUUGCUUCGUGGCUGCU,1
CUUUUUUUAUGAUAUUUGUACAUAAACUUUA,0
AUCUGUCGUCAAGAAUCGCAGAAAUAGCAGA,1
UACCUCUAUAUGCUGUGUAAAAUAGAAAAUA,0
UGUUGAUCCAAAGUUUAGAAGAAACCACAAG,1
UCUAAUUAUAUAGGUUCAAAUCCUAUAAGAU,1
GUUGGACCAAGGGUUUCCGCAUCGCGGACAC,0
GUGUCCACCACACCUUGCACAACAUAUCUCC,0
CCCAAUAUCCGUCCAUAAUAAGAAAGGUGAC,0
CUACUUUAAAUGUUGUCCACCCAUCCGCUCU,1
AACUCCUCUGGGUCCUUCUUAGCUGCAACAC,0
UUAAGAAACAAACUGUAAAAGCCCCAAAGAA,1
AGUUUUAUAAAAUCCUCGCACUAUCGCUGUU,0
GACCUGCUAGAAACUUCUUGUGGGUCUCCUC,0
GACACUUUAUCCGAUUGCGGAGUCGAUAUCA,0
CAUGAACUGGAAUUCUACAAAGGAUCUUAAC,0
AUGAGGUAAAGCGAAUGAUUAGAGGUUCCGG,1
CAAGCUAUGCGUUUAUUAGAAUCCAUCAGGA,1
CUUCAAGAUAACGAAUUACAAAUGUGGGACU,0
AAGCAGGAACACCUCUGGAGAUAAAAGCGCC,0
UACGACGGUUCUCAUUCGACUAUUGGAAACA,0
AUUAUAACAAGAAAAUUGACAUGUACUUUAG,1
AGUUUAUCUUACUUAUCUUUUCCUGGAAGAG,0
GUUAGCUCCCUUGAUUCAGCUUAUCAAAGCA,0
GAAGAGAGCUUGUCUUCUUAUCAGCCGUCCA,1
UUGCAAUUAGAUCUGUGGAUACAACGUCAGC,0
UAAUUCCACCACUACUAACUUUUGUUCUGGA,0
GGUCAACUAAACAUAUUUAUCAGGGCAUUUC,1
AACUGUAUAAACAUUUUCCUUUUAUUUGGCG,0
UGGGACCGGACCCUCUUGCGUAAAGUAUAUA,0
GAGGUUGUUUAUCUUUCGAGUACUGAAUGUU,0
GUUGAAAGUGGAGCGUCAUUGCUAUAUAGAU,0
CAAUAAAUCGGAAAAUUGCGACUAUGACCCC,0
UUACGGUCUGAUUAUUGCCAUUGUCUUUUCU,1
CUGCAACAUUGACGGUAGCGGCUUCGUUAGC,0
AUGGAGGUGGGGAUUUUUCCCUGAGCUGGUA,1
ACCAUUUGAAUGAUUUUGCUCAUAUUGAAGA,1
UCUUUCCCUCGCUACUCACAGAUGAGCUGCG,0
UAAAUCAUUUCAUCAUAACCCAUAGCUGAAU,1
GAGUCAGAACCGGAAUCAUGGGCGUUCAAUU,0
GGCAGACUUAAGAUCUGUUGGACGGUUGUCC,1
ACGAAAAAGAAUCUUUAGUCGUUAAGUUCGU,1
UGAUGGGUCUAUACCUACCAGAUGGUGGUCA,1
GGAGUGUCACUAGCUUCACCCGGGGUCCAAU,0
UGCAAAAAUGGUGCAUCAUCCACAUCUGUUA,1
CCUUUGGUGAUAAUGUAGUCGGUGUUGAUUA,1
UCAGUUGGUAGAGCGUUCGGCUUUUAAGCGC,1
CAUUGUUCCCAAGUUUAAGGCGCAUGUAAUU,1
AGCUCUACAAAAGUUUGAGGCGUUGCUAAAG,1
GGAUAGAGUUAAAAAUAAACGAGCACUGGAG,0
AACCCUGGAGGAGUUUCAGGCAAGAAAGGAA,1
UGGAGCGUGCAGCUAUGCAUGGGAGUGAUUU,1
UUAUAUACCUUAGUUUCACAACAACAUAAGG,1
GGAGCUAGUUCAAGUUGCUCACUGGUGGGCU,0
UCAAGGAAGUAAUUAUCUACUUUUUACAACA,0
UCUUCGAUUCGUUUUUAAUGAAAGGGAGAAG,1
GGCACGCGGACAAAAUGCAGCACGGAAUAUG,0
CUAUCCGUCCAGACAUUGUCCACACUGUUUU,1
GGGGGACAAAAAGGUUUGUUGACAGACAAGC,1
GCGGUUAAAUCUGGAUUUUUUGCCACCUUUU,0
CAGAAGAUUAUGGGUUCGACCCCCAUCGUGA,1
GGACCAAAACCAUGGUUGGGAGCGCAGACAG,1
UAAAAUCCUCAUACUUACCUUAAGAUAUCAG,1
CGAUCGUCUAGUAACUCUGACCGGAUCGAUG,1
UACCUCUUCGUAGAAUGCGGGCCAUCCACAA,0
UGACGUGUAAUAGUUUUAUUUCUUUGAAAAA,1
UUUACAAGUAUCCUAUAAUCCCAAAGUGAUA,1
UUCAAUGGUAGAAAAUACGCUUGUGGUGCGU,1
UGGGGUCGGCAUUGAUCAUCUUUGCUACGUG,0
GGUUUGUUCGAGACCUUCAACACUGAGGACU,1
UAACAAGAAACGUGAUGGUACACACAAAGCU,1
CCACACACUUUAACAUCAGAAGAAAACUUUU,0
UGGCCCCAAUGGACUUUGCUAUUGUUGUCGG,1
AAAAAAAAACUCCGAUACGGGGAGUCGAACC,0
UUUUUCAUGAAAAAAUUUGGGAAAAAGAAAA,0
UUGCUCCAUUUUGGUUCGAUCCCUUAAUGCC,1
CACCAUAUUGAAACGUCUACAAAUGAUCGUA,0
AGCGAAAGAAAUAACUAAACCAAAAAAUUUU,0
GCGCCACACUAGUAAUGUGGAGAUCAUCGGU,1
GUGGUCGCAGAACAGUUCGGAAACUACUCCA,0
AGGAUUGAGUUACAAUCUGUUUACAAUGAUG,0
CGUAAUGGCAACGCGUCUGACUUCUAAUCAG,1
UAUCUAUAGACCCCUUAGCACCACACAACAC,0
AAAUAAUCCUUCACAUCAUGAAAUAUAAGCU,0
UGGUAAAACAGUUGAUUUCAAAUCAAUCAUU,1
UCGAAGUUAAAGGACUAGAAUAGCGGGUAAU,0
AUCCGCCUAUAAGUUUGAGGCCUUAUUUGGA,1
GAGAGCGUAGAGCUUUCAGUGGACUGCCCUU,1
UCUCAACUGAACUCUUUGUAUGUUAGAUCGG,0
GUUUUUCACCUCCACUAAUACCACGAUCAAA,0
CUUGCACCAAGGGAAUAAUGAUGAUUGCUGA,0
AAUGAAGGAAGUAAAUAAGAGGCCGUCGCAU,0
UUGAAUUGAACUGGUUGGCCUAUUUUCAAAG,0
UGAACGUGGUUGGGAUAUGGAGAUUGGGAGA,1
AGACGGCCAGAAACCUCCAGGCGGAGUUAAC,0
UUGGAGAAUUCUUGUUGGAUUGUCACUAAUU,1
AAGAACUGAAUCUUGUAGAAUUGAAGGACAG,1
UUCUAGUGGUGAUGAUGUGUUUCUUAGUCUU,0
GAUGGAAUUCUUGUAUUAGAACAUAAAUCUG,1
UGUUUUUGAAAAUCUUCAAGCUUGGGAACCC,0
UCUAUAUUAGCGUGCUUCUUCUAUAAAGAUU,0
AGCGGGUAAUCAUUAUAUCCCAUGGUAACGU,0
UAUUCCGUGAUAGUUUAAUGGUCAGAAUGGG,1
CUAUGGGAUUGUUUGUCCACUUCAGUCUAUU,0
UUCGUACUUGAGUUAUUGGAUAUAUGAAGCA,1
CUAUCGUCUAUCAACUAAUAGUUAUAUUAUC,0
CUGAUAAUGAAUGUGUAGCAGCCUGGGGUGU,1
UGUUUUACCAUGAAUUGAUUGGAGAAAACAC,0
AAUGUAUCAACCAUAUAUAAUAACUUAAUAG,0
AUAAAGGCUAUAAUAUUAGGUAUACAGAAUA,0
GCCACCAAGCGCAAGUGGGUAUUCUUUAUAA,1
UCACAGGUGCUUCUUUUAGUGUCUCCCAUUG,1
GUCCUACCUCCGUUGUAGGCAGAAGCGUCGU,1
UAUUGGGAACAGGAAUACCAACCGUUCUCAU,0
UCCUUUUUGGUGCGCUGAAUGUAUGCCGUAG,0
UAAAUGUAACGGCCGUGCUCUAGUGAAAUUU,0
GGGGCAGCAACUGAAUAGCAGAAGAAAUUUG,1
ACGGAAUUCGGUGGGUUAACGUAUUUCGGAA,0
CAGGCUGUACUGAGCUGAGAGGAUCCAUUAA,0
GGAGCUGCCCAACUAUAACUCUUCGCUUACU,1
AGAGGACUCAUUAGUUUCCGUUCGCGGUGAU,0
CUCGCCUUCCAUCUGUUCCCUCUACAUCUUC,0
GAAAGCAUUCAAACUUUAUGAUUACAGUGUU,1
UCUUAAUGCCUUAAGUCAAAAAAUAGUUUUU,0
AGUACUUGGAUAAUGUUGUCAUUGAGACCGC,1
AAAAUCAAAGCCAAAUGAACAAAUGGCCCAG,0
CUCACCAGAGAUGAAUAACAAUAAUGCAACG,0
UCGACUGUAGCGGUAUUUCAGCAAACGGUAC,1
GGUGGACAAACUCAAUCCAACCAACAGCAAU,0
AUUGGGAUUUCAAUUUAUGACCCCAGGGAAA,0
CAAAUUAGCCCCCAAUCCCAAUAGUUCGAGG,0
ACGCAAUAAGAAAAAUCAUCACAUCUUUCAA,0
CAGGUGAUCCUGAUGUAGACUUAAACCCUGU,1
AUAUUUUAUGUUAUGUUAUGUUAUGUUUGCU,0
CACCAAAUACUCCUCUGCGUAUGCGAGGUUG,0
AAUUACUCAACAUGAUAAGAAUACCAAUGUU,1
CGCGCCCAUAUCCUGUAAAUGUAGAGGCAGU,1
GGUAAGUUACCAAAAUUUGAGUUUGGAGUUU,1
AUUGUACUCCUCCAGUUCCUUAGCAAUUGCC,0
AGGUGGCCAUUUGGCUUUUAGAGCGCUCCUG,1
AAGGUCUUCCUAUGAUUCCGGCGUUCGUCAC,0
UUGAGCAUAUCAAUGUAGAUGUUAAGACGAU,1
GAACAAAAAGAGCCAUGAUCAGCUCUUACAA,1
UGUUGGUAGUUGGAGUUGAGCUGUAAACUCA,1
GGCUACUCCAGUUUCUAAGAUGAAGGAAGUU,1
UAGCAUAGUCGGGUUUUUCUUUUAGUUUCAG,0
UCUUUGAAGGUUCGUUCAAAGAUAUCAUGUU,0
AAUUAUAAAUAAAAGUCAGGAUGAUGCCAAG,0
AAAAUUUGAAAACUUUGGAACCAACAACGAA,1
UACUCAACUGCAAUGUAGUGGUUUACCGAAC,1
AAUGGCUCGACCAACUUCAAGAAGGCAGAGA,0
AACGCUGUCCCUGAAUGGCAGAAUCAUUACC,1
UGCGUACCUGUUGAAUUGAAGAGGUCGGAAA,1
GGUUUUAAAGUAUUCUUUACAUUGAGUUUCG,1
UUAGACCAUUUGGUGUGUCGACGCUGAUUGC,1
CGACAAAGUUUUAGUUAUCCCCUUCUACGUG,0
UUGUACGUAUUCACAUGUCCUGGCGUGCGGC,0
CAUAGGUGAUAAGCAUGCGCAUAUAUAUACA,1
CCUGCUGCUCUUUUCUUUUCCAAAGAAUUUC,1
GGUGGCUCCACGCCGUUCAGAUUUGAGACCU,1
GUUUACACAUUUUGAUACAACCGUAGACGGC,1
GUUCAAGACGUCGCCUUUACACGGCGAAGAU,1
GCUAUUAAAGGGCAAUACCACAACCUCAAAC,0
CCAUCUUGUCUCAACUGAGAAGAAAACAUGU,0
CUUGCCAUUAUUAUGUUUUUACUCACAUAUA,0
AAAGCCUAAGAAAAUUUUGCUGGGGACAAAA,0
CAGACAUAAUUUCGUUUUCUUUGAGCUUAAA,0
UAUUGAAAAAAGUGAUGACAAAUUCUUCGAA,0
UGCGCUGGACCCUUGUAGUACCUGUUCAGGG,1
UUCCCCACUUCAUUCUUAUAGUACCAGAGUA,0
GACAAACAGCCUCCGUCGAUCGAAGCAGCUA,0
UUUGUUGCAAUUUUCUCAGGGGUGGAGUGGA,0
CCUAUUCUCAAACUUUAAAUAUGUAAGAAGU,1
GAUUCGCUUUAUUCUUUACUCCCCACUCAAC,0
AUUAACUUGACAGGUUCGUUUUAUUUGCCCA,1
UGGUAGGAAACGUUGUUUAAUGGGUUCGAAU,1
GCGAAUUCUAAUCAAUCAAGAGUAUGGUGCU,0
ACUCCGCUCUGCAACUCAAAGCCUCUUUUCG,0
AGGCCAAAAUGUUUAUAGAUAAUAAAAGUUG,1
CUUCAAGAAAUCUUGUUCCUCGUGGCCCAAU,1
CAGCCGUUCCCGCCGUAGCGGCGGAGGCUCU,0
AUUUAGAAAGCGAGUUGAAUGCCAUGUAUAG,0
GGUUCGAGCCCCCUAUGAGGAGUUCUUUCUU,1
AUGCUGGUGUCAGUGUAGAUGCUUGUGUGUG,1
CAAUACUGAGGAAGAUGCGGCAAUUAUAAAU,0
CUAUGACCCCCCUUAUGCUGGAGAUUUGGCU,0
AGUUUCUCCGCCUCAUUCUUCAGGCCAUCUA,0
GUUAGACGUUUCAGCUUCCAAAACAGAAGAA,1
UCGAGAAGAGCUGGCUACCUUAUUGAAACUU,1
AGGAAGGAAAGAGUCUGCCAAACGGAAUUCG,0
AGGUCAGGCGCUUUCUUUGGGAGAAAGACCU,1
GGUUAGUGAGUUUUAUGCCCCUCGUGUAGUA,0
GGAUUCCAUGUAUGUUGCCAUUCGGGUUUUU,1
UAUUGUUCCCAUCUAUGGCCUUUUCGUCGGA,0
AACUCAGCAAACUAUUAUCAACAUCAUGUCG,1
GAUAAAAUGACUCCAUGGCCAAGUUGGUUAA,0
AUUAACUUGCACCCAUCCAAGCUUGUUAUCA,1
GGUUCCGUUAUUUUGUUGGAAAACUUGCGUU,0
UCUCCGAAGAACUCAUCCUUGUUAGCUCAGU,1
GGGACAUUCUAAUGAUGGAGAUGGUGUUGAA,0
ACGGAUCCAUCAAAUUUGAGUGUUAUAUAUA,1
UAUAAAUACCUUAGAUGUUACCAGCUGGGAA,0
CACCAAUGGCAAUAAUACCUCCUAAAAGUAC,0
UUCCGAUGAGGAAUCUUGUGGUUUUGUCAAA,0
GUUAUUGCUGGGUUGUUGUUAUUCACUUUAA,0
GUAACUUAGGUAAAUUACAGCAAAUAGAAAA,0
UCCUCUUUGGAGAACUGGAGAAUCUCUUCAU,0
ACAAACUCGUUACUAUUACUCUACUGUCUUU,1
AUCCGUAUCCCAAGGUUUAUCUCUGUUAUGU,0
CAUGGGUGUGGGGGAUUUAGGAUCAUCCAUG,0
GUAUUUUCCAAGACAUGGAUCGAAAUCUCCG,1
CAUUUCACGAGGAAAUCAAAACACUUUACUA,0
GAUGAUCUUGACCCAUCCUAUGUGCUUCCAU,1
GACAAGACUUCGAAUUUGAACUUCAACCACA,1
AACGGAGGCCUUUGGUAACAACCCAAAAUUC,1
UUUGCAAUGAUAUCCUCUUUUUCACCCGAUU,0
AAGCAAUUGGAAAAAUCUAUUAACCCAGAUG,1
CAGGAAGACAAAGCAUGCGAGAGGCCCUGGG,1
UACGGAAAGCAGCCCUCGCAGCGAUUCUGGC,0
UACCAGAGUAUUUACUCCAUCGGGAAAAAUC,0
GGGAGAUAAUGCAACUCCACCACCAGCGCUC,0
UCCGUGUCAUAUUUGUUCACCCAUGCUCCAG,1
UAUCCACGCUGGAGGUGGAAGAAACCGAUCC,0
GUGAAAGAAAAACUUUUGGACGGAAACAAGA,1
AUGGGAAUGAACUAUUAUCUGACUCCCACAU,1
AAGUUGCAUCCAAACUCUGUCCUGUCAACUC,0
AGGGUAAAACAGCGUUUACAAUAGGAUAGCC,0
UUACAGUAUGAAGGUUCAAGUCCUUUAAAUA,1
UGGGUUACAGAAGUUUUAGGCAAUGAUAUAC,1
CAGCAAUUAAAAACAUUCCAAUAGCCGGUAG,1
UGAAUAACACCUCUGUAGGCGAAGAAAAGAC,1
GGAAAGCUGAUACAGUGUUGCAUGAUGGUGC,0
UAGUCGGUUAUGGCAUCUGCUUAACACGCAG,1
UUUCGACUUCAGCGGUUAUUUUCUUCAGCCC,0
UACAGUAAGGAGGUCUACAGAUGGACAUCUU,0
GGCGUUGUGGAAGUUUCAGGCCUUCGAACUU,1
GAUAGUCACACGAAAUGAAAAAGGUGAAAAA,0
GUCAGGACGUCUAUCUGUGCGUUUAGCGAGU,0
UCAGCUCGUUCGCUCUGGAAAGGAUCAUUUU,1
AGAUUAGGCUCGAGCUCCCAAAGCUUUAAGU,1
AAAAAUGAGAUUAGAUUAUUAAUUAUUGUGU,0
AGCUGGUUUUGUUCUUAACAAUAUUUCUUGU,0
GGCCAGCGCUGGAUCUAAAGAUGGCGUCGCC,0
AAAAGGUUGACCGGAUGCGUUAUCCUCUUCC,0
ACACACGUCAAACUAUUGACUCCAGAAGAAA,1
UAGGGGAUUUGUGACUUUCAAGGCAACGUCC,1
UUUUGUUAAAUAUUAUGACAUAGAAGAAAGU,0
AAGAGUUUCUUAAGAUCCGCAGACUCAAUUC,0
UUUUGUUCCGGAUUUUUUUUACCGGCUCUUA,0
UCACCACCAAAUGGAUUGUUUUCAUCCAGCU,0
GGGAAUAGACACCUGUAGUUUAAUUGACUCU,1
UCAUCUUUGGAUUUAUAUUGGGUGUGUUCCA,0
GGGAAAAACAGAGAUUUCACAGAUGUUACUA,1
ACCCCAUAUCAUUAAUAAAGAGAGUACCGAA,0
GUAACGGCUAUCACAUCACGCUUUCACCGUG,1
GAGCAAAAGAGAAACUAGUCUCCGCAUUUGU,0
AAGAACACAAACUGUUUAAGGCACAGUACGC,1
UUCAGUAGUAAGGGAUACAAAAUAUGUCUCC,0
UCAUAAUUAAGCUUUUAGUAGAAGUCAUUAC,1
ACAGCUAAUUGUUUAUUAGCAAAGUUUGCAC,1
UAAACAAAUUCCCUGUAAUCCCUGAACACAC,1
UCCUUCUUACAUAGAUGGCACCUAUUCCCUU,0
UGGUAGCGCAGCAGAUUGCAAAUCUGUUGGU,1
GGGCUAGUAAAAUUGUAGUGUCUGAAAUUGC,1
GUAGUCCCUAGAACAUUCGUUGGUGCUGUGA,1
UUACGGUGACGAGUUUGAGGCUCUAUAUACC,1
UUCUCGGUAAACUGUUUGCCGCACAGGGUAU,1
GCUUCCACCUUACUUUGAACUAGCCAAAAGG,1
UUCCGAUACGGAGACUGUUUUGGUCUCUACG,1
ACUACAAGACCAGAUUGAAAAAGUCACUGGU,1
UUAGCAUACAGCAAAUAUCCCCAUUUGACGG,0
UAGUUUGGAAGAAUGUCUAGCAUUAGCGCAU,0
GAGCAAUAUUUCAAAUCUCUGAUUGAUUCUG,1
CAUUUAGUAGGUCGUUUAGCUUCCGUUGUUG,1
GCAAAACCUACCUCUUACAGGCUUUUUUUCA,0
UGGCGAUUAUAUUCAUACAAAGGUAAUGGAG,0
UCUUUGAACGCACAUUGCGCCCCUUGGUAUU,1
AUAAGCUAGCACCUGUUGACAAGAAAGGCCA,1
AAUGUGGUAGGAAAAUGAAACAUAUAACGGA,0
GUCGCCGCCGAACUAUUACUCCACCUGUUUA,1
AUAUAAGGAAAAGUUUCAGGCUUUAAAAAUA,1
UUCAUUUUUCCCAGUUUGUGGAAGAACCUGC,1
ACGAGCAAAGUUCCUUCAUAAACAAACCGUA,0
UCUUAAACAUUUCUGUUGGUGAAUCUGGUGA,1
UGGCACCGACGCCAUUACCACCAAUUGCGUU,0
GAAAGUGAGUGGAUCUUCCCUGGAAGUACGA,1
UGCAGGGUGAGGGUGUCAUCGACAGCAAAUU,0
AGUACGUCGUCUUCAUCAUCAUCACUUAGUU,0
CUAACGGUAUAGUUGUAGCCACUGAGCAUAA,1
GAGAAUAAUGAGCUUUAUGUGGAUUUGUUAG,1
UUGUUUAUGUAUUUUUGCGAAAUAUAUAUAU,0
GGUGCUCGAGGAUGAUGAGAGGACACAACUU,0
ACCCCUACCGGGGGAUAAUCGAGUCACUUAA,1
UGUCGCCGCUGGUUGUAACCCUAUGGAUUUG,1
UGACGGUUAGCUUAAUUAACGGCCCUGAUGU,0
UGUUAAGUACAACUGUAAUUGGUUCAGUUGC,1
UAGAAAAUACAAAUAUACUGGAGAGGGAUCU,0
CAAAUCAAGAAGGUAUUUUAGAAUUACAUGA,1
UCUUUUGUGUACAAAUUUUUUAAAGGAGCGA,1
GGAAACCGGGCGUAUUGAGCCCUCGUGCUCG,1
UUAACCUCUAAAAUCUCUGAUAUCUUCGGAU,1
UGAAAAUAAGAGAAAUUUAUUAGUCAUAUUC,0
GGUACAAAUAUAGGUUCAAUCCCUGUUAGUU,1
AGGAUGACGCGAGUGUAGAUGACGUAGCCAA,1
AAAGUUGCAUUUGCCUUAGCCGUCCUGACAC,0
CCCGGGCGGUUAGUGUAGUGGUUAUCAUCCC,1
UUUGCCCGCGCAGGUUCGAGUCCUGCAGUUG,1
CUUUCAAAGGUCCGGUGCUGGAGAAACAGCU,0
GCCAUUACCCACAAAUAAUUUAUGUGUUCCA,0
GUAUUUUAUUCAUUUUUUCUUGCUUAUCUUC,0
UUACCCAAUUAAGGGUAUUCCAGGCGAUGCC,1
CAGUGGCGGCCGCUUUGUUGUGAAGGACCUA,1
AACUGCCCACAAAAUUUUGCCGUAACUUUUU,0
UUUUCAAGAUGGUUUUUUUAGGUAUCUAUUA,1
UACGUAAGCAAAGUUUUAUGUAACAAAAAAA,0
UCACAGAAUUUCACAUUCCCAGUUACUUUAA,0
CCGCUGUGCCUCCCAUUGCUGACGCCCUGAU,0
UUCUCUCCUCUACAUUUAAUAUGUUCUAUAU,1
UAUAAAUUUUUACGCUACACACGUCAUCGAC,1
GGCUUAGAUCAAGUGUAGUAUCUGUUCUUUU,1
GAAUGGUACUGCAUAUUUUUAUUAUUUUUUU,0
GCUUUACGGUUGGAAUUGCAGAAUAAUGAAC,1
UUUUAUUCCAACACAUUCGAGCUAGUAUAAA,0
AUAUACCAUUCCCCGUUCUUGUUAGGUAAAG,0
UGCUCACAUUGCUUGUAGAUUCGACGAAUUG,1
AUAUCCGGCUUUUCCUUAUAGGGAAUAGUGG,0
UGGAAUCACUAAUAAUAAACCACGCAAUAAG,0
CGUUAUGGGAUUAUGUAGAUGAGAACACUAU,1
GCGAAGAUCCCGAGUUCGAACCUCGGUUGGA,1
ACAUGAACCAAAACAUUUGCAUGGCCUUCCU,0
CUUCAGCCUCUCUUCUACCUCUCUUGACAUC,0
UACAUUUAUUAUUUAUUCGAUAAUACCCUGC,1
CGAUGGUAAGGGUCAUUUCUGGGAGGUCAGA,0
AAAGACCUAGUUAGUUCGAGUCUAUCCUAUC,1
UAUGUUGAUAUAGGAUACUUCAGUCUACGAA,0
GUAUGAUCAAUCAGCUCACGUUAUUUGAAAA,0
AUGUCUUCGGAUGGAUUUGAGUAAGAGCAUA,1
GCGCAAGGGGGGUAGUAAGGCAGUAGUAGAU,0
UAAGACAAUUACAUUUUGGGUUAUUUGAUAU,0
GAACUGUGGGAAUACUCAGGUAUCGUAAGAU,1
UUUAUACGAAAUGAAUGGAUUAACAGCAAGC,1
AAGAUCCAAUAACUAUUACUCGCCACUUGCA,1
CCCAAUGGGUUGGAAUAUGAGCAACCAACGG,1
AGUCAAUCACGAUUGUAGACGUUACUAAUAA,1
UAAAUGCAUAAAAGAUGACAUAGAGAUAUGU,0
UUUUUCCACGUAUUUUAAAAAGGGGUAGCCU,0
GGUACAUCCGUGCUAUGGUCAGAGAGCAGAU,0
ACCGUGGAGCUAAAGUACUGGUACAACUUGG,1
AUGGAUCUAGGGUUUUAUGCCUUAGGAUUUU,0
AAACCCUUUCGGUGAUCAUAACAAAAUUUGA,0
CCUGUACCAAUUGGAUACACUUUUGAGAUGU,0
AUUGCCCCUGGUUUAUUAGAUAAAAGUCCCA,1
GAAGAAAUGGUGCUAUAGUAGGUUGGGAGAU,1
GUGUCACGGGCUCUGUUUACUACUACACAUA,1
GAAAUUAAACUAAUUUUACAACAAUUAGUAA,1
UUCCUUCUUCUAGUGUAACCUUUACGAAAGA,1
AUUAUAGGUUUUGAUUGACGGUCCAAAAGCU,1
AUGUAUUUUCUCAUGUAGCUAGUUGGGGUUG,1
GGUACGUUUUCUUUUUUUCCUAUAAUAUAAA,0
CGGUUGCUGUCUCUUUUGAAUUGAUUGGGAU,1
AUCUCAGAGGCUGAGUCUCAUUUUUCUCAAG,0
GUUAUUGAACAUAACUGGUGUGGCCGGUUUC,1
CGAGAAGAUAGAGUGUAGCAAUGAUUAAGCG,1
AUAUCCAACGGAUGCUUAUAUCCCCACGUAU,0
UUCUUAUUCGAUAAAUUCAACCCGGAACCUG,0
GGACGGUAUCCACUGUAAUUUGACUCUAUUA,1
CUUUAGUGCCCCUUGUAGGAGUAUGGUAAAA,1
GUCAAAAAGGCAAUGUAGAGGAGUCUGAUUU,1
CACUAGUUACACGAUUCUUUGAGGGUGUAAU,0
UUUCAAUUUUCAUUUUAAUAUUUUUUUAAUA,0
UUAUUUGCAUAAGAAUUGCAGAACGAAAGCU,1
CAGCUGGGAAGAUUAUUACGGAACACAUUCU,0
UUAUCAGGGGGAUCUUCAAAGAAAGGAACUU,0
UUGCUAUUACCGGGGUUUUCCCUUGGAUUUG,0
ACGAGUGGGGACAGUUCAAUUCUGUGGUAAC,1
GCGUAUGACUCUUAAUCAUAAGGUUAGGGGU,1
UAAGUGCUUUGUUUAUACGAUAUAGCACUUU,1
UUCAUCGCGGCAGGAUCCCAGCAGUGGAGUA,0
CGGGUGUAUACAGAAUAGCAGAAUGGGCAGA,1
AGAGUUGGUUAGGCAUGGUUUGUGUCCAUAU,0
AUGACCGUAAAAAACUAAAGGCAAAAGCAUU,0
GACAUGGUCUCCAAGUGGCAAAAUCCAACGU,0
UUAUUACAGCCCUCUUGACCUCUAAUCAUGA,0
GACUACAAAGUUCCCUGUUUUGGUCGGGUCC,0
UUUACUGAAGUAUUUUGAAUCUCCGCAUAUA,1
UACUAGCGUAAAUGCUCAAAACGCAUCCAAC,1
CUAGUAUUCGGACAUUUUCUUUUGUAAACCG,0
GGCGUUAUAGAUGUCUACGAUUUCAGUGGGU,0
UAGACGGGGACCAAGUCUUCGAUUUGUCUGC,0
CUACCGCUUACAUUGUAGUGCUAUUACAAGG,1
GAAUUGUGUGCGCAGUUACCAAUCACCGUUU,1
AAAGCCUCCGUGUGGUGCACUUCCUUCUUUU,0
GGUCAGAAUGGGCGCUUGUCGCGUGCCAGAU,1
GACGUCCUUACCUUGUUCACCCAAGACUUCU,1
AGAGAUUGAUAUGCUUGCGACGAAACUUCAA,1
GUAUGGUUAAAAGAAUAUAUUAUUGUAUUAA,0
AGAAAGACCGCGUUUUCUAAGGAAUUGGACC,0
AUCCCGACAUGAAGCUCUCCAUUACAUCACU,0
CUUUUGAGACGAUAUUGUUGUAGUACGUCGU,0
CGGUAUCCAAACCGGUGCUGGUGUUGUCGAC,1
AAGGAGUUGGUAAUGUAGAGGCCCAGAGGAU,1
CCAUAUACCCAUUCGUUGAAAAAAUUCUCUA,0
GACUAGAUCGUCAUAUGAGAAUGAUAAUAAG,1
UAUUAAAAACCAGUUUCAGGCCAGUGUCUUG,1
UCCAUUCUUUUCCCUUUACCGCUGGCCUGUG,0
AAGCUUCCAGUCCUCUCUAAUAGCCACCUUU,0
GUUCACAAGGCAGCUUCGUAUAGUAAUACAG,0
GCAUAAGGUCAGUUGUAGCACUUGUCACGGA,1
AAAAUCAUCAAAAAAUUGAGUACCUAGAUCC,0
CCUCUUUUCUUUAUUUCAUUCUCACCGCUAA,0
CCAACCAAUUGGCCGUGUCGUUUUCAAGUUG,1
GAAGAUCGAGCUAUUUAUUUGAACACUCGGU,1
CAUCAACACCGUCUAUUCUAACAAGGAAAUU,1
UGGUAAAGCGAUAAAUUGAAGAUUUAUUUAC,1
GAAAAAUGAGCAGUUUAAGGCAAGACAUCAC,1
ACGUCGUUCGAAGAAUUUGUCGAAGAUAAAC,1
GAGUAAAUACAGCCAUCUUUUAUUACGGUAA,0
AUAACGAAAAAAAGCUGUAAGAAAAUGCAGU,0
CAGAGAGAAACGAUGUUGAACCCUUCUCACU,0
CUAAGGCUCAUUUAAUGGCCAGGCCUACAAC,0
CCCAGAUCGUUGUUGUAGACUCUCUGGAAGA,1
ACAUCCUUUCGACUGUAACGGACCUACCCAG,1
UGCGCAGGAAAUAAGUGCUCAAGUUUUCUAC,0
UGGAAGCAAUACGGGUUGAAAAACCUGGUGU,0
UUUUUGGUACAUGCCUUGUUGCUAUGUUAUU,0
CCAUAAUCCACCGGUUUUAUCCCAAAAGGCG,0
CGUCGUGAGACAGGUUAGUUUUACCCUACUG,1
UGAUGCUUUUUUCAAUCCAGCCCGCACAAAU,0
UUAGGGCCACAUCUGUAGUCUUACCUCCAAG,1
UGUAAUAGAUUUUUAUCAGAUAAAGGAUAGG,1
CAAGCACUCCAAGUGUAGACAAGAAUUUUUG,1
UAAAAAUCAGUGAUGUAAUGGAGAGCUUCAU,1
CGCACAAUACAACAAUUAAUAAUCUAAGACA,0
AUAUUUGGGUAUAUCUGACGAUGAUAUUACU,1
GGAGUACACUCAUUGUAAAGGAAAACCAUGA,1
AAUAAUAGCAGUUUUUUAGAUAUUGACGAUG,1
CGGCGGGUUCUACGGUACCUAUAUACCACCA,0
CCUUGGCGGCCAAAGUACCUUCUGCAACAUU,0
ACCAUGUUCAGUCAAUACGCCAGGUGCUACC,0
GUUUCUCUCAACCUUUGGUGACACACUAUGC,0
UAGUGGGUGUCUUGGUAUGGGAGGGCAUGGU,0
AUAAACCACCGAAAAUAUAUUUAGGCCAUUG,0
CAAGCAAUCGAAGGUUCUGGAAUGGCGGGAA,0
CAAAGAAUGGUAUGGUUGUGGGGCUUGGGGC,1
UAAGGAUUAUAUUUGUAAUUGGCUGGGAAAC,1
UGCCCACGGCGGUGUUGCCGCAAAGGUUAAU,0
GUUGGAAUGGAACCCUAAAAUAUUUCCUCUU,0
UCUUGAGCCGUCAGGUCCUGCAAGGGUACCA,0
CAUUGAAGGAGUCGGUGGCCAACUUAACGAC,0
UGAUUUCUUGGGCUGUGUUGGUUGCGCCAUU,1
UAAAAAUUGUGGGUUUUUCGUUCGCAGAGGA,0
GCGAACUGUUGUUUCUUACAUGACAGUACAG,0
UCGAUCGUCGUGACAUCACAAUUGUUGACGA,1
UCUUAUCCGGCAUUGUUCACCCAAAUAGGGU,1
CGAGAGGCCCUGGGUUCAAUUCCCAGCUCGC,1
UGAGUGAUGAGGAGCUUGCUCUUUUAAGCUC,1
GGCGUCAGGUCGAGGUCCUGAUCUCUUCGGA,1
GUGGGGAUACCGUUAUUAGAUACUAAAGAUG,1
UGUGGAAAUGCUUCUUACACGGUUAUGGAUU,1
AAGUAAAACUGAAUAUAUUAGAUACCUUUAC,0
GAGAAGCAGGAUGAAUUGAUUAAAAGACGUC,1
GAAGGGCUCUGCCACUCAGGGCGUGGUAAGA,1
GAUUUUGUAGCACGAUAUCCGCAAGAAUGAU,0
GGCAAAUCCGGCGCUUCCCCCUCAAAAAAAA,1
AUUUACAUAUGGCUGUUCCAUCUCUAAUUUA,1
UUACAACCCAAAGACUGUUCCAUUCGUCCCA,1
GCUCUAUGAUGUCCUUUUCUACCAUAUCGUC,1
AAAGAGGCGGUAGCCUAAAGAUACGGUAAUU,0
GAGAUGAAGAAGAUGUAGAGGGAACAGAUGG,1
AAUAUUCCCCUAGUUUUCUUCUCCUCCUUUA,0
UAUAGGAGCCUCCGUUACUUUUGGGACAAAU,0
AAUUUGACAUAUCUAUAUUUAAGGAGACUAG,1
GCAAAGUAGAACAAAUCGGCAGCCUCCCAAG,0
GUUAUUCCAAAUGUAUUUUUCCUAUUUGCCA,0
CAACUCGCUGACUAGUGCCGAUAGAUUGUAU,0
CAGCCAACCCAAGUCUAACCGUCUCCACAGU,1
ACGCUGAGGAGGAGUUGGAAAGGUACAUCCG,0
AACUGUUCCUGCAUAUUUCAAUGAUUCUCAA,1
CGCAACAGUAUAAUUUUAUAAACCCUGGUUU,0
CGAGGAACAAGAGAAUUGCCUUCCGCCUGUU,0