1,UAAAAACGUCCUUAUGCCUUAAACUUAUGAGUAAGGAAAAU
1,CUUAUGCCUUAAACUUAUGAGUAAGGAAAAUAACGAUUCGG
1,UCGCCUGCUGGGCCAUACCCAUAUUUGCAGCAGGUCUCCAA
1,GUCAUCACUCCUCACUGAUGAUGUGUUGUUGCCAUGGUGAU
1,AAAUUAGGCCAUUAUGAGACAGGUUAGUUUUACCCUACUGA
1,UGCUCAGUACCAACCCGCAGGUUCAGACAUUCGGUGUAUGU
1,CAUGAUGAGAUGGUCCGAUAAUGUGUUGUUGCCAUGGUAAU
1,GUAGAGCGCUCGCUUAGCAUGCGAGAGGUAGCGGGAUCGAU
1,CUUCUUUUGUACGCGAGGCAUUGGUGGUUCAGUGGUAGAAU
1,AGAAAUUCAGUGAAAUGCGGGUAAACGGCGGGAGUAACUAU
1,GCGGGUAAACGGCGGGAGUAACUAUGACUCUCUUAAGGUAG
1,CUACUAUCCAGCAAAACCACAGCCAAGGGAACGGGCUUGGU
1,AGGUGCACGUGUUAGGACCCCAAAGAUGGUGAACUGUGCCU
1,GACUCUCUUAAGGUAGCCAAAUGCCUCGUCAUCUAAUUAGU
1,UAAUUAGUGAGGCGCAUGAAUGGAUGAACGAGAUUCCCACU
1,CGCAUGAAUGGAUGAACGAGAUUCCCACUGUCCCUACCUAC
1,AUGAACGAGAUUCCCACUGUCCCUACCUACUAUCCAGCGAA
1,GUCCCUACCUACUAUCCAGCGAAACCACAGCCAAGGGAACG
1,AGCCAAGGGAACGGACUUGGCGGAAUCAGCGGGGAAAGAAG
1,UGCCGGCCCUGCGGGCCGCCGGUGAAAUACCACUACUCUGA
1,GGGCCGCCGGUGAAAUACCACUACUCUGAUCGUUUUUUCAC
1,ACUUUAAAUCCUUUAGGAGGAUCCAUUGGAGGGCAAGUCUG
1,UAUGGGAAACCUCACCCGGCCCGGACAUGGACAGGAUUGAC
1,CCUUGUAUGACUUUUAGCGGUGGAUCACUCGGCUCCUGCGU
1,UGUGAGAAUUAAUGUGAAUUGCAGGACACAUUGAUCAUCGA
1,CAUUAGUAGAGAAAUCACAGGUUCAGACAUUUGGUGUAUGU
1,AAUCGUAUAAAUCUUUCGCCUUUUACUAAAGAUUUCCGUGG
1,CUCACUUGGGUUGGGGGAACUGGGAAUGGCUCAGAAAAGGC
1,AAAGUUUAUAGAAAAAGAACUGCAAAUGGCUCUUCCAUAUA
1,GAAUUCACCAAGCGUUGGAUUGUUCACCCACUAAUAGGGAA
1,CGCUUGAUCUUGAUUUUCAGUACGAAUACAGACCGUGAAAG
1,CUGUCAAACGGUAACGCAGGUGUCCUAAGGCGAGCUCAGGG
1,GGUGGUUUGAGAAAUGGAACUGAGAAUGGCUCCUGAUUUUG
1,AUUGUACUAGCUCUUAGAACUGCGUAUGGCUCAUUUCCAAA
1,GGAAGACCCUCAGCAGGAACUGCGAAGGGCUCCAGAGACCC
1,AAAAAGAUUUACGGACAGGAUUGACAGAUUGAUAGCUCUUU
1,UUUCUCGAUUCCGUGGGUGGUGGUGCAUGGCCGUUCUUAGU
1,UUACCAGACUGGUUUAUAACUGCGAAUGGCUCAUCUUUCUA
1,CUGUUUGCUCCUUGAAGAACUGCAAAUGGCUCUCAAUUACU
1,UUUCUCCUGCCUCGGGGAACUGAGAAUGGCUCCUCUGUCCU
1,GGCUGUUGGCCACCCAGAACUGCAAAUGGCUCUGUUUGUAU
1,CCCUCUUUCUUCUCCUGAACUGAGAAUGGCUCAAAAGCCUU
1,AAUUGAAAAUGGGCAUGAACUGUGAAUGGCUCGAGAUUUUG
1,GAGCUGUUUGAGUGAGGAACUGAGAAUGGCUCCCAUAAUAU
1,CUAUUCUCAGCAUGUAGAACUGUGAAUGGCUCAUAAAAUGG
1,UACAUAUGUAGUACAGGAACUGAGAAUGGCUCAGACAAAAU
0,UUAACUGAAAGGUUGGUGGUUCGAGCCCACCCAGGGACGCU
0,GGCGCAAUCGGUUAGCGCGUUCGGCUGUUAACUGAAAGGUU
0,UUCACCGCCGCGGCCCGGGUUCGAUUCCCGGUCAGGGAAUU
0,CCCACGCGGGAGACCCGGGUUCAAUUCCCGGCCAAUGCAAG
0,GGCCAUGUGCUCAUUUCCACUUACCUGGCAGGGGAGAGACC
0,UUAAUCUCAGGGUCGUGGGUUCGAGCCCCACGUUGGGCGCU
0,GUGGCCGCAGCAACCUCGGUUCGAAUCCGAGUCACGGCAGG
0,AUAGUGGUUAGUACUCUGCGUUGUGGCCGCAGCAACCUCGG
0,AGUGGCUCGCCGUGAUCGUAUAGUGGUUAGUACUCUGCGUU
0,UUUCAGAUGCGUUGGUGGUAUAGUGGUGAGCAUAGCUGCCU
0,UUCCCUGGUGGUCUAGUGGUUAGGAUUCGGCGCUCUCACCG
0,ACACGCGAAAGGUCCCCGGUUCGAAACUGGGCGGAAACAGA
0,GUAGUGUAGUGGUUAUCACGUUCGCCUCACACGCGAAAGGU
0,CGCGUGUGGUUUCCGUAGUGUAGUGGUUAUCACGUUCGCCU
0,GUCACGCGGGAGACCGGGGUUCGAUUCCCCGACGGGGAGGC
0,UCUCCCCUGGAGGCGUGGGUUCGAAUCCCACUCCUGACAAG
0,UUUCAAGCAGUUAACGCGGGUUCGAUUCCCGGGUAACGAAA
0,GGGUGCGAGAGGUCCCGGGUUCAAAUCCCGGACGAGCCCAG
0,UUUGUGUCGGCUCGUUGGUCUAGGGGUAUGAUUCUCGCUUA
0,AAUGAUGACAGUUUAUUUGCUACUCUUGAGUGCUAGAAUGA
0,AACAAGAUUCCCACUGUCCCUACCUACUAUCCAGUUAAAUU
0,UUAAUCUGAGGGUCCAGGGUUCAAGUCCCUGUUCGGGCGUU
0,UCUGCCCAGUGCUCUGAAUGUCAAAGUGAAGAAAUUCAAUG
0,GGACGGGUAAACGGCGGGAGUAACUAUGACUCUCUUAAGGU
0,ACGGCGGGAGUAACUAUGACUCUCUUAAGGUAGCCAAAUGC
0,UUCCCACUGUCCCUACCUACUAUCCAGCGAAACCACAGCCA
0,GAAAGAAGACCCUGUUGAGCUUGACUCUAGUCUGGCACGGU
0,AAUCAUUCUACCAUAAUCGCUUCUCGGCCUUUUGGCUAAGA
0,ACCAUAAUCGCUUCUCGGCCUUUUGGCUAAGAUCAAGUGUA
0,GUCAGGAUGGCCGAGUGGUCUAAGGCGCCAGACUCAAGGUA
0,AAGCACCUUGCCUGCGGGCUUUCUGGUCUCCGGAUGGAGGC
0,AGCUGGGUCUCUUUUCUCUGUUUUUCACGCUAGAAAGGGCU
0,GGUGGCAGUGGGGAUGGCUGUAAUGGAUUUGGUAAUGAUGG
0,ACCAGGGUUUAGCUGUCUCUUACUUUCAACCAGUGAAAUUG
0,AAGAUCUAAAGGUCCCUGGUUCGAUCCCGGGUUUCGGCAGA
0,GGAGAGCGUUAGACUGAAGAUCUAAAGGUCCCUGGUUCGAU
0,UAGCUCAGUUGGGAGAGCGUUAGACUGAAGAUCUAAAGGUC
0,AAUCUGCUAGAAAUAAAAAUUCUUGGGCCAUACCCCAGGGU
0,AUAAGCCAGGGCAGAGGGGUUAGAUUCCCCCCCCUCCGUAG
0,AAGUAUUUCAGUUUUGUGAAUAGAUGACCUGUUUUUACUUC
0,AGUUCUUUUUCCCUUAGGUCUGUCUAGAAUCCUAAAGGCAA
0,AUAACCACAAAAAUAAUGAAUUGAUGAGAAAUACAAUGAAG
0,AUCGAGCCUUUUUAAAAUUGUAGGACUUGUUCCUGUGGGCU
0,CACAAGGAUGACACGCAAAUUCGUGAAGCGUUCCAUAUUUU
0,GGAGUCCGCGCCGGCCCCGAUGCCCAGCUCCGCGCCGCGCG
0,GGAACCGCAGGUUCAGACAUUUUGUGUAUGUGCUUGGCUUU
0,AUAUACUAAAAUUGGAACGAUACAGAGAAGAUUAGCAUGGC
0,CGGCAGCACAUAUACUAAAAUUGGAACGAUACAGAGAAGAU
0,UCGUCUUUACAAGGUAGCCGUUUGGCGUCGUGAGGUAUGGA
0,AAAUGGCCACCUUGCUCCGCUGUUCUUUCUUUGUAAAAAAA
0,CUGGGUCGGGGUUUCGUACGUAGCAGAGCAGCUCCCUCGCU
0,GACUUGCUUCUGGGUCGGGGUUUCGUACGUAGCAGAGCAGC
0,CCAAUGGGGCGAAGCUACCAUCUGUGGGAUUAUGACUGAAC
0,GCCGCUUUCGGAAUAAGAUGUUCUACGCCGGGACAGCUUUC
0,AAACAACUAUGUAUUGAGUGUCUACUGUGUGCCUGGUACUA
0,UGUAUAUGAGAGUUUCUUGAUCUCUUUAUCUGUGGAUGAAC
0,UCCAGGCUCUUUCUGGACUGUAGAGUUCUUUCCAGGCUACG
0,GUCUCUUCGGGGGCGUGGGUUCGAAUCCCACCACUGCCAGU
0,GACAUCCUUAGGUCGCUGGUUCGAUUCCGGCUCGAAGGAGC
0,UGUUUAAUGUCUUAUGAAAUUUUCAUGAACAAUUUUAAUCA
0,UCUAUGAAGAACUUUUCAGUUACUCCUGCCCCAAGUUCCUG
0,UGUGCUCUGCACGCGUGGGUUCGAAUCCCAUCCUCGUCGAU
0,GUUUCCUGGGUACAUUUUUUUUAAAGGGAGAGAAGUUUGUG
0,UGUGAUGAAUUGCUUUGACUUCUGACACCUCGUAUGAAAAC
0,UAAAUCCCCUUAUUUCUAGGACUAUGAGAAUCGAACCCAUC
0,CUGAGUAGGCCUAGAAAUAAACAUGCUAGCUUUUAUUCCAG
0,UAGCUUUUAUUCCAGUUCUAACCAAAAAAAUAAACCCUCGU
0,UUCAACAAUAUACUCUCCGGACAAUGAACCAUAACCAAUAC
0,AUAAUGGCUAUAGCAAUAAAACUAGGAAUAGCCCCCUUUCA
0,UUACCCAAGGCACCCCUCUGACAUCCGGCCUGCUCCUUCUC
0,AGUUCUACCGUACAACCCUAACAUAACCAUUCUUAAUUUAA
0,ACAUAACCAUUCUUAAUUUAACUAUUUAUAUUAUCCUAACU
0,UAACUAUUUAUAUUAUCCUAACUACUACCGCAUUCCUACUA
0,GAAACAAGCUAACAUGACUAACACCCUUAAUUCCAUCCACC
0,UAGGAGGCCUGCCCCCGCUAACCGGCUUUUUGCCCAAAUGG
0,UAUCGAAGAAUUCACAAAAAACAAUAGCCUCAUCAUCCCCA
0,AACAACGUAAAAAUAAAAUGACAGUUUGAACACACAAAACC
0,UGACAGUUUGAACACACAAAACCCACCCCAUUCCUCCCCAC
0,AGGCUCUUGGUCUGUAUUUAACCUAAAUUUCUAUAAGAUUA
0,GAAAUUUAGGUUAAAUACAGACCAAGAGCCUUCAAAGCCCU
0,AAUUUCUGCAACAGCUAAGGACUGCAAAACCCCACUCUGCA
0,GCCCUUACUAGACCAAUGGGACUUAAACCCACAAACACUUA
0,AUUAGGGUGCUUAGCUGUUAACUAAGUGUUUGUGGGUUUAA
0,GAAUAGUCAACGGUCGGCGAACAUCAGUGGGGGUGAGGUAA
0,CUGAUGUUCGCCGACCGUUGACUAUUCUCUACAAACCACAA
0,CAAACCACAAAGACAUUGGAACACUAUACCUAUUAUUCGGC
0,GGCUUAGAGCUGUGCCUAGGACUCCAGCUCAUGCGCCGAAU
0,CUACCCUCCCUUGGCAGGGAACUACUCCCACCCUGGAGCCU
0,CCACCCUGGAGCCUCCGUAGACCUAACCAUCUUCUCCUUAC
0,CGACCCAGCCGGAGGAGGAGACCCCAUUCUAUACCAACACC
0,GAAUAAUCUCCCAUAUUGUAACUUACUACUCCGGGAAAAAA
0,ACUACUCCGGGAAAAAAAGAACCAUUUGGAUACAUAGGUAU
0,GGCGUCAAAGUAUUUAGCUGACUCGCCACACUCCACGGAAG
0,UUUUCACCGUAGGUGGCCUGACUGGCAUUGUAUUAGCAAAC
0,AUUAGCAAACUCAUCACUAGACAUCGUACUACACGACACGU
0,AUUCUCAGGCUACACCCUAGACCAAACCUACGCCAAAAUCC
0,UAUUCAUCGGCGUAAAUCUAACUUUCUUCCCACAACACUUU
0,AAAGUCCUAAUAGUAGAAGAACCCUCCAUAAACCUGGAGUG
0,CCCUCCAUAAACCUGGAGUGACUAUAUGGAUGCCCCCCACC
0,CCCUACCACACAUUCGAAGAACCCGUAUACAUAAAAUCUAG
0,CCCGUAUACAUAAAAUCUAGACAAAAAAGGAAGGAAUCGAA
0,ACAAAAAAGGAAGGAAUCGAACCCCCCAAAGCUGGUUUCAA
0,GGCCAUGGGGUUGGCUUGAAACCAGCUUUGGGGGGUUCGAU
0,CCAACCCCAUGGCCUCCAUGACUUUUUCAAAAAGAUAUUAG
0,UAGCCUAUAAUUUAACUUUGACAAAGUUAUGAAAUGGUUUU
0,GGGGAAGUAGCGUCUUGUAGACCUACUUGCGCUGCAUGUGC
0,AACAAAACUAACUAAUACUAACAUCUCAGACGCUCAGGAAA
0,CAGACGCUCAGGAAAUAGAAACCGUCUGAACUAUCCUGCCC
0,GGGAUGGGAGGGCGAUAAGGACUAGGAUGAUGGCGGGCAGG
0,GAAUACACCGACUACGGCGGACUAAUCUUCAACUCCUACAU
0,CCUGCGACUCCUUGACGUUGACAAUCGAGUAGUACUCCCGG
0,UCCCCACAUUAGGCUUAAAAACAGAUGCAAUUCCCGGACGU
0,GUUGGUUCUCUUAAUCUUUAACUUAAAAGGUUAAUGCUAAG
0,UUAAGUUAAAGAUUAAGAGAACCAACACCUCUUUACAGUGA
