1,GCGUGCGGAAUCGACAUCAAGAGAUUUCGGAAGCAUAAUUU
1,GGGUUCGAGUCCCGGCGGAGUCGUAACGCUUUUUUCCCUCC
1,CGGUUAGCGCCUUCGGCUGUUAAACGAAAGGUUGGUGGUUC
1,UAAAACCGUUCCAUUUUGAUUCUGAGGUUACUCUACUAACA
1,GAUGGGAAUCUCUCUGAGAAAGAAAAUGGAGAUUAAUCUUA
1,AUGAAGGUCUUAAUUAGCUCUAACUGACUAAAGGCAUUUGU
1,AUGAGGAUCUUAACCACCAUUAUCUUAACUGAGGCACCCAA
1,AGUAAUGAUGAAUGCCAACCGCUCUGAUGGUGGCACAUGCC
1,CCUUCUUUGUCUUCAGAUCUUUUUCUUCUGAGUCCUCACUA
1,GGGCCUGAGCUAGGGCUGGAAAGAAGGGGGAGCCAGGCAUU
1,CUGGGGGAGAAGAGGAAGAUUUGUUCCAGAAGGAACUGUCU
1,CCCACUGGGACUGGCUGGGGGAGAAGAGGAAGAUUUGUUCC
1,AAUGUGUGACUGAAAGGUAUUUUCUGAGCUGUGAGCCUGCC
1,GUUGAGACUCUGAAAUCUGAUUUUCUGAGAAUGAUGGGUGG
1,UGAUGACUUGCUGUUGAGACUCUGAAAUCUGAUUUUCUGAG
1,UAGUGGAGAAAACAGAAAAUUCUGAGUAGCACUGUACUGUA
1,UGCCUUGUAGAUGGAGCUUGCAGAUGGAGCCCCGUGACCUC
1,GCAGGACUUGUAAAGCAAAUAAGAUUGGGAGGCCAAGGUGG
1,UGACGGUGGCUGACAGAUCAGAGAAUGGAAGGCGAGGCAGG
1,AGUGGAAAACUGGAAGACAGAAGUACGGGAAGGCGAAGAAA
1,GCAAGCAGCAGUUCGUGGUGAAGAUAGGAAAAGAGUCCAGG
1,AGACUGGAGAAGAUAGGCAUUUGAGUGGCUGAGAGGGCUUU
1,AUGGGGUUUCCCCGCACAGGUUCGAAUCCUGUUCGUGACGG
1,GGCCGACGUCGGCGGCGAGGAAGGACGGAGGAGCGCCGGAG
1,CAAAAAAGUGCAGCUACACACCUCCCCGUCGGGGAAUUGAA
1,GAUCAGAAGGCUGCGUGUUCGAAUCACGUCGGGGUCAAACU
1,UGCACGUAUGAGGCCCCGGGUUCAAUCCCCGGCAUCUCCAG
1,AGAAUACUCUGAAAGCAAGCAAGAAGAAGAAGAGGGCAUCC
1,GUUAGAACCCAAGAUAAAUGCAGAUAGGAAGAGGAAAGCAU
1,CUGAUGGACUGCUGUGGACUGAGACUGGAAGAGCAGGGUCC
1,UCAGUGGGUAGAGCAUUUGACUGCAGAUCAAGAGGUCCCCG
1,ACCUCGUAUGAAAACUGCACGUGCAGUCUGAUUAUUUAGCA
1,GUCGGAGGUUCGAAGACGAUCAGAUACCGUGGUAGUUCUGA
1,CCACCACUGACGUAGAACAUGAGAUGCAGAGCACGUGUGCA
1,ACUGACGAAGACUACUCCUGUCUGAUUGCAGUCAAGUCUUC
1,GUAUCAGAGGACAUGCUCAGCAGAUCCAAGAGAUAUAUUUG
1,GUGUUCAAGUCACGUCGGGGUCAAGGUUGGGUUUUUUUUUU
1,AGGACUCCAAAGACCUGGAGCAGAUCUGGAGCACUGUGAGU
1,GACCUGGUAUUGCCAUUGCUUCACUGUUGGCUUUGACCAGG
1,GCGGGUGAUGCGAACUGGAGUCUGAGCCUGCCCGAGCGGAG
1,CUUUUGUGAGGAGGUCUGACUUGCUGAGGCUCAGCUGUUUA
1,AAGGCCUUUCUGUGUGGAAUUUGAAUAUCUGAAACUCAGUU
1,CCCUGUCUGAAAAUCUGGACUGAGGGAAAUAAUCUAUUCUG
1,AAGAACGUCAAACAUCUGGCAAGGUCGGAAUGAUUUUGCGA
1,GGACAGGAUAAGCACACGAGUAGAUCUAAGUCACUGGAAAU
1,GGACUGUAUGAAGCAGAAACUAGGUCGAGUAGCACACGCUG
1,GAGGACUGGCUGGAAUGCAGUGGAUCGGAUAGAUCGGGGAA
1,CCUGUCCCUUGAUGAUGACCUGGGUCGGGAGGUGCACGGCC
1,UUCCAAUAACGAACGAGACUCUGGCAUGCCAACUAGUUAUG
1,GUUAAAAAGCUCGUAGUUGAAUCUUGGGAGCGGGUGGGCUA
1,CACGCUGGAAUGAAUUCAGAUAGCAGUGAAGGGCACACGUG
1,UGUAGCACCUGGACAAACAGUAAAUGAGAAGACACAUUGUU
1,CCAAACUCUGGAGCUUUCGUACAUGCCUUUAUUCUCACCAG
1,GAAAGAGGUUGUCCCCGUGUUUGGAGGGUCCACCCUAUCCC
1,GCCUGUGCCUAGGUCAUUGAUAGUGCAGGGAGAGGAACGCU
1,UGCAGGGAAAGAAAUCGCGGAAAGUGCUUCCCCGUGUUUGG
1,GGAAGACUGAGAACCUGUCACAGAUUGGAGGAGACUAAGGA
1,UGUCUAAGUACGCACGGCCGGUACAGUGAAACUGCGAAUGG
1,GGGCUUAGGGCUGCAGCAUACAGAUCUGGGGGAGACACACG
1,CUGAGAGACCGCUGGCUGCCGAGGGAGGAAGAGCAGGAUUC
1,CCUCAAGGUGACCCGCCUACUUUGCGGGAUGCCUGGGAGUU
1,GCCACAGCAGACUGGGAACAUAGCACGGAGGGCAGGCAUGG
1,GGGUGAGAGCUGACAGGGAACAGAUGAGGGAAGAGCACCCC
1,GCUUGAAUUAAGAAUGUUUUCAGAUAAGUACACGCCUUUGA
1,CAGAUGGCUGUGAAAACUUUCAGUUCGGGAGACAAAUUGGA
1,CCCGAGUGUCGGAGGAAGAGCAGAGUGGAAGGGUGCCUUCU
1,GACUCUUGCACUUUGGACCUGUGAUGGGAGGGGCAGCUCUA
1,UGAGGACCUCUGCAGACCAUCAGAUCAAAGGAGGGAGAGCU
1,GCUCCUCUGCUCCCGGCGGCCAGAACGGAGGGGUAGAGCAG
1,UGGAAGUGUGACUAAGCUCGAAGAAAGGAAGAGAGGGACAA
1,AAGCGUCGCGGUUCUGGCGGCAUCCGGUGAGCUCUCGCUGG
1,GUCAGUGGAGGAAAAGAAAUUAACCUGGACUCCCUCAGUAA
1,UUCUAUGUGUUGGCUGAGCUCAGAUCGGAAGUUGUUACUUG
1,GGACUGUAGGGGUUUGAAUGUGGUCAUCCUUAGGUCGCUGG
1,UUGAGGAUUCUGGUCUCCAAUGGAGGCGUGGGUUCGAAUCC
1,CAAGACUUAACUUCCGAUCUGGGGAGGUUCUACGUGGAGCA
1,AGUUGCUGUAGAAGAAGGAAAAGAGAGGAAGACAACACAAC
1,UUACGGAUCUGGCUUCUGAGAUGGACCGUUAUAAGGACAAU
1,GGAGCAGCUCUGAAGAUGCAAAGGUAAGAGCUUAGUUAAGC
1,ACAUAUGUCCGCGUGGGUUCGAACCCCACUCCUGGUAGCUU
1,UUCCGGGUCUUCCUCAGUCUGGAUGGCAUGUUGGCAGCCCA
1,AUGGUCACCCCUGAACUACAUAGAGGAAGAACUUCGUCUCA
1,UGAGAAAGGAAGGCUGGAGCCAGAUGGAAGAGGACCUUGCA
1,UGGGCUCUAUUAAAGUUGGGGAGUGAAGAAAGGCACAGGUG
1,GGAGAAACACUGAAUACAGGGAGACUGAAGAGGAGACAGUU
1,GGUGGACGUCUAAGUUCCUGAAGACGAGAAGUGCAACUGCU
1,UUUUGGUAUAUACUCAUGGUUAGAUCGAAGUGAUGCCUGCU
1,UGUGGUGGAAGACGUGACUCUCUGUGUGAGUCUAGUGCUCU
1,CCUGCUCUGGGACUCUUCUGUAGGAAUGGAAAAGCACAUCU
1,AAAUUUAUGAACUCGAAAUGAAGCGGAAAGCAGAUAUGCGC
1,CAAAAGUGCCCUCCCAAUAUAGUUCAACAAAGAGCCCAAAA
1,UCUGCGGUGACCCUAUGCAUUCCUUCAGUGCUUGCUAGAAC
1,GUGCUCUGAAUGUCAAACUGAAGAAAUUCAGUGAAAUGCGG
1,UCUGUGCUAUGGUUCAAUCUGUGCUACAGAGUUCACACUUG
1,CUACUUCCUCAGCAGGAGACAUCCUUAGGUCGCUGGUUCGA
1,AAUGAUGACUUAAAUUACUUUUUGCCGUUUACCCAGCUGAG
1,CCUCGCGCAUCUUCUUAACUGAUUCUCCUUUCUUUCCGAUG
1,UAAGAUGAAUUGUGAACAUGGAAUAAAAGGCAAGAGACACA
1,AGCAAUUUAACCAGAAUUGGAAGGUCAAGGAGGGCCGCCUG
1,ACCUAAAGCUGGAGUAUUUUGAGAUUGGAGAAUUAAGGUAA
1,GAGGAAUGAGUUCAGAUUAAAAGAGACGAAGGGACACGCUC
1,AAAGUGGACUGGAAGUGGCAAAGAUGGAAAGACAGACCAAU
1,CUACACACUGAGGACUCUGUUCCUCCCCUUUCCGCCUAGGG
1,CCCCAAUAAAGCUAAAACUCACCUGAGUUGUAAAAAACUCC
1,AAUUGAAACCUGGCGCAAUAGAUAUAGUACCGCAAGGGAAA
1,AAACACUGAACUGACAAUUAACAGCCCAAUAUCUACAAUCA
1,AGCAGUACAUGCUAAGACUUCACCAGUCAAAGCGAACUACU
1,ACAAAGCGCCUUCCCCCGUAAAUGAUAUCAUCUCAACUUAG
1,UGGUCUUAGGCCCCAAAAAUUUUGGUGCAACUCCAAAUAAA
1,AGCCUAGAGAUGGGUAUUAAACCCAGGAGUAGCGUUGGCAC
1,GGAACAUGGGCUUUCCAUCUUAGUCCUCGGGUCUCAAGUCU
1,CUGCAAACAGCUAUAAGAGGCUCCAAAUUAAUCAUAUCUUU
1,UUCUCGGAGAAGGAUGUCAAAAGAUCGGCCCAGCUCAGGGA
1,GAUUGUAGGGUGGACUCGAUAACCUGGUCAUUAUUUUUUUG
1,UAGGAGCUUUGCGUGAUUGUUGUAUCGGGAGGCAGUAAGAA
1,GAGAGACUGGACAUACUGCUCAGAUCGGGAACAAUGCAAAG
1,GAUGCGAUGUGAUUUCUGCCCAGUGCUCUGAAUGUCAAAGU
1,AAGACUCUGUUGAGCUUGACUCUAGUCUGGCACGGUGAAGA
1,AACACUGCAGAAACAAUGCUGAGUGAAGAAGAGUAGAAAUG
1,AACUUCAAAGGCCGAAGUGGAGAAGGGUUCCAUGUGAACAG
1,UGCGUCUAGUAGGAGGGCCGCUGCGGUGAGUCUUGAAGCCC
1,UCUCACCGCCGCGGCCCGGGUUCGAUUCCCGGUCAGGGAAA
1,GUCUUUAGCUGACAGUAGCAUUGGUGGUUCAGUGGUAGAAU
1,UUCUACCAUAAUCGCUUCUCGGCCUUUUGGCUAAGAUCAAG
1,CUUGCCUGCGGGCUUUCUGGUCUCCGGAUGGAGGCGUGGGU
1,AGUUGGGAGAGCGUUAGACUGAAGAUCUAAAGGUCCCUGGU
1,UGGCCCCUGCACAAGGAUGACACGCAAAUUCGUGAAGCGUU
1,GUACGAGAGGAACCGCAGGUUCAGACAUUUUGUGUAUGUGC
1,CAUGUGUUGCUACCAUGGUAAUCCUGCUCAGUACGAGAGGA
1,AAAAUUGGAACGAUACAGAGAAGAUUAGCAUGGCCCCUGCG
1,GAGCCACUGCAGGCGCAGAUCUUGGUGGUAGUAGCAAAUAU
1,GCCGAGGGUCCCGGCAGAACUGCGCAUGGCUCCUUCUUAGA
1,AUAUUGCUUCUCAGCCUUUUGGCUAAGAUCAAGUGUAGUAU
1,UGUAGUGGUAUCAUGCAAGAUUCCCAUUCUUGCGACCCGGG
1,AGCAACUGUCUUAGACAGCGCCGCUGGUGUAGUGGUAUCAU
1,CAGGGCCGGUACAGUGAAACUGCGAAUGGCUCAUUAAAUCA
1,UUGGAAUGAGUCCACUUUAAAUCCUUUAACGAAGAUCCAUU
1,UUUAGUGCCAGCAGCCGCGGUAAUUCCAGCUCCAAUAGCGU
1,CGGUAAUUCCAGCUCCAAUAGCGUAUAUUAAAGUUGCUGCA
1,AUAUUAAAGUUGCUGCAGUUAAAAAGCUCCUAGUUGGAUCU
1,GAGUGUUCCGCGGCCCAAAGCGUUUACUUUGAAAAAAUUAG
1,AUACCGCAGCUAGGAAUAAUGGAAUAGGACCGCGGUUCUAU
1,GACUGCACGCGCGCUACACUGACUGGCUCAGCGUGUGCCUA
1,CUGUUGAACCUCAUUCGUGAUGGGGAUGGGGGAUUGCAAUU
1,GCUGAGAAGACAGUCGAACUUGACUAUCUAGAGGAAGUAAA
1,GCCCAGGACUCUGAAUGUCAAAGUGAAGAAAUUCAAUGAAG
1,CAGAAUCUUUAAGCCGCGCAUUGGUGGUUCAGUGGUAGAAU
1,GCGAUGGACUAGAAAUCCAUUGGGGUCUCCCCGCGCAGGUU
1,CCUCGUAGUCGUGGCCGAGUGGUUAAGGCGAUGGACUAGAA
1,GAAGGAUUCCAUGUGAAAAGCAGUUGAACAUGGGUCAGUCG
1,UCAAGUGUAGUAUCUGUUCUUAUCAGUUUAAUAUCUGAUAC
1,CGUCCUUUUGGCUAAGAUCAAGUGUAGUAUCUGUUCUUAUC
1,AGCAGGUCCCAUGGUGUAAUGGUUAGCACUCUGGACUUUGA
1,GUAAUGGUUAGCACUCUGGACUUUGAAUCCAGCGAUCCGAG
1,AUGCAGUGGAUCACUUCUCGGCCUUUUGGCUAAGAUCAAGU
1,GCGGUCGGCGUCCCCCAACUUCUUAGAGGGACAAGUGGCGU
1,GAACCUGAGCUUGGUUUAGAACGUCAUGAGACAGGUUAGUU
1,CUCUAGUCUGGUAUGGUGAAGAGACAUGAGAGGUGUAGAAU
1,CCUCUGGCAUGUUAGAACAAUGUAGGUAAGGGAAAUCAGCA
1,AGCAGGUCUCCAAGGUAAACAGCCUCUGGCAUGUUAGAACA
1,ACCAUAUCCACAGCAGGUCUCCAAGGUAAACAGCCUCUGGC
1,UCACACCAGGCUGUAACCAUAUCCACAGCAGGUCUCCAAGG
1,GCAGAUCUUGGUGGUAGUAGCAAAUAUUCAAAUGAGAACUU
1,CUGUCCCAGGUGCAGAUCUUGGUGGUAGUAGCAAAUAUUCA
1,GUCAUCUGAUCUGGGUAUAGGGGCAAAAGACUAAUCCAACC
1,UAGGCACCAAAAGAUGAUAAACUAUGCCUGGGCAGGGCGAA
1,GGCUGGGCAUGUCAACAGCGCCGCUGGUGUAGUGGUAUCAU
1,CAUAUCCUCGGAAUCAGCGGGGAAAGAAGACCCUGUUGAGC
1,UUGGAAAGAACUUUGAAGAGAGAGUUCAAGAGGGCGUGAAA
1,GCUGGUCAUAAGCUUGCAUGAAGUCCCUGCCCUUUGUACAC
1,CAGCCUGGACACGGACAGGAUUGACAGAUUGAUAGCUCUUU
1,AAUGUUUUCAUUAAUCAAGAACGAAAGUCGGAGGUUCGAAG
1,UUAAUGAGGAUCAAUUGGAGGGCAAGUCUGGUGCCAGCAGC
1,CUGACACGGGGAGGUAGUGACGAAAAAUAACAAUACAGGAC
1,CAAGCCGGAUCCAUAACUUCGGGAUAAGUAUUGGCUGUAAG
1,GGUAAAGGAAGUCCUCAAGCCGGAUCCAUAACUUCGGGAUA
1,CCGAGAUGAGCAGACUCUGGCAUGUUGGAACAAUGUAGGUA
1,AAGUGGAGAAGGGUUCCAUGUGAACAGCAGUUGAACAUGGG
1,CGGGAGGAGUAGGAGGGCCGCUGCGGUAAGCUUUGAAGCCU
1,GUAGGCUACUUUUGGUAAGCAGAACUGGCACUGUGGGAUGA
1,AAGCACAUUUGCUAUAAGCAUUGGUGGUUCAGUGGUAGAAU
1,GUUUCAGACAUUUGUUGUAUGUGCUUGGCUGAGGAGCCAAU
1,UUAGCUUUACCCUACUGUUGAUGUGUUGUUGCCAUGGUAAU
1,GUUGAUCCUGCCAGUAGCAUAUGCUUGUCUCAAAGAUUAAG
1,AGUGAAACUGCGAAUGGCUCAUUAAAUCAGUUAUGGUUCCU
1,CUCAUUAAAUCAGUUAUGGUUCCUUUGGUCGCUCGCUCCUC
1,CUACUUGGAUAACUGUGGUAAUUCUAGAGCUAAUACAUGCC
1,UGUGGUAAUUCUAGAGCUAAUACAUGCCGACGGGCGCUGAC
1,ACGGGGAAUCAGGGUUCGAUUCCGGAGAGGGAGCCUGAGAA
1,CUGAGAAACGGCUACCACAUCCAAGGAAGGCAGCAGGCGCG
1,AAGGAAGGCAGCAGGCGCGCAAAUUACCCACUCCCGACCCG
1,ACCCACUCCCGACCCGGGGAGGUAGUGACGAAAAAUAACAA
1,UGGCAACUGCUCUCAAGAACUGAGAAUGGCUCCACCAGUUC
1,AUGUCUGCUUCCUGGAGAGCUGCGAAUGGCUCAGUAAGAGG
1,UUCCAAGAAAUAGGGUGAACUGCAAAUGGCUCAUUAACACC
1,UAUUUUUACAUCCCUUCUCGGCCUUUUGGCUAAGAUCAAGU
1,UGUCAGAAAAGUUACCACAGGGAUAACUGGCUUGUGGCGGC
1,CUUUUGGGUUUUAAGCAGGAGGUGUCAGAAAAGUUACCACA
1,CCAGGUGGGGAGUUUGACUGGGGCUGUACACCUGUCAAACG
1,GGGCUUGGUGGAAUCCGCGGGGAAAGAAGACCCUGUUGAGC
1,CCUGAGAUUGAGCAAUAACAGGUCUGUGAUGCCCUUAGAUG
1,AUUGGCACAAUAGAAGAUUAGCAUGGCCCCUGCGCAAGGAU
1,AUGGGGUCCGAUAGCUUCUCGGCCUUUUGGCUAAGAUCAAG
1,GAUGUUGAAAAGACUAUUCAGACAUUUGGUGUAUGUGCUUG
1,AGAGAAGAUUAGCAUGGCCCCUGCGCAAGGAUGACACGCAA
1,UUUUGAUCCUUCGAUGUCGGCUCUUCCUAUCAUUGUGAAGC
1,UGUUCUUAUCAGUUUAAUAUCUGAUACGUCCUCUAUCCGAG
1,UGAUACGGUAAUUAGCAUGGCCCCUGCGCAAGGAUGACACG
1,CCUCGUCAUCUAAUUAGUGACGCGCAUGAAUGGAUGAACGA
1,AGUAGGUAGCGCGUCAGUCUCAUAAUCUGAAGGUCGUGAGU
1,GCUAAGAUCGGGUGUAGUAUCUGUUCUUAUCAGUUUAAUAU
1,GGGCGAGGCUUAUCCAUUGCACUCCGGAUGUGCUGACCCCU
1,AUUAGCACAGUCCCCGCGCAAGGAUGACACGCAAAUUCGUG
1,UAGGACCUGAAAGGUGGUGAACUCUGCCUGGGCAGGGCAAA
1,GCGCGAUUAUUGCUAAUUGAAAACUUUUCCCAAUACCCCGC
0,GUGAAGAGACAUGAGAGGUGUAGAAUAAGUGGGAGGUCCCC
0,ACCCUACUGUUGAUGUGUUGUUGCCAUGGUAAUCCUGCUCA
0,GUGUGAAAAAUCAUGAUACAUACUGUACAGUCUCAGUCCCA
0,UCAGGACUUGUUCAUUAGGUUGGCAGCAGAGGGGCAGAAGG
0,CUGCCAGUAGCAUAUGCUUGUCUCAAAGAUUAAGCCAUGCA
0,AUUAAAUCAGUUAUGGUUCCUUUGGUCGCUCGCUCCUCUCC
0,GACCCCCUUCGCGGGGGGGAUGCGUGCAUUUAUCAGAUCAA
0,CGCGGGGGGGAUGCGUGCAUUUAUCAGAUCAAAACCAACCC
0,CCUACCAUGGUGACCACGGGUGACGGGGAAUCAGGGUUCGA
0,CCCCCGAGACCACCCUGCCAUGGAGACGAGGGAGCUGUCCC
0,UUAUGCCUUAAACUUAUGAGUAAGGAAAAUAACGAUUCGGG
0,GUGUUUUGUAAUCUCUAUUGUAUUUCCUAUUAAGGUUUUAU
0,GCCCCGGGGAGAGUUCUCUUUUCUUUGUGAAGGGCAGGGCG
0,CUGGCUACCAACCAUCCUUUUCUUGGGGUUGGGCUACUGUC
0,GCAUGCGAGAGGUAGCGGGAUCGAUGCCCGCAUUCUCCAGU
0,GGUAGAGCGCUCGCUUAGCAUGCGAGAGGUAGCGGGAUCGA
0,AAAAUACAGUCUUGGGUCUGUAAUUCCCUUAUCUGACUCUC
0,AAUGGAAAGAGCCACAUAGCUUUGCGCAGUGGCAGUAUCUC
0,UUAACUUGUACCACUUUCCCUUCCAUUUUUCCUGGGGUGCC
0,GCGGUUUCCAGCCAGGAAGCUUCGGGAAGCCUGGACGUCUG
0,AAACAACGCACAUUUAAAUAUACUUAAUGAUUUAUCAUUCC
0,UCCACUGGCCCUCACCUGCCUUCCCCUGAACAUGCAUUUUG
0,ACGUGUUAGGACCCCAAAGAUGGUGAACUGUGCCUGAGGAG
0,AAGAUUGAGACCAUCCUGGCUAACACGGUGAGACCCCAUCU
0,AUAAUCUGAAGGUCGUGAGUUCGAUCCUCACACGGGGCACA
0,GUAGCGCGUCAGUCUCAUAAUCUGAAGGUCGUGAGUUCGAU
0,UUAGCGCAGUAGGUAGCGCGUCAGUCUCAUAAUCUGAAGGU
0,UUUUUAACACAUAUGAAUACUUACCUGGCAGGGGAGAUACC
0,GGGAACCUGGCGCUAAACCAUUCGUAGACGACCUGCUUCUG
0,AGCCCAUUGAAUUUCCCUCUUCAAAUGCUUAAGUUUUCUUC
0,CACCUCUUGCUCAGCCUAUAUACCGCCAUCUUCAGCAAACC
0,GCAAGAAAUGGGCUACAUUUUCUACCCCAGAAAACUACGAU
0,GGCAGAGCCCGGUAAUCGCAUAAAACUUAAAACUUUACAGU
0,AAAACUUUACAGUCAGAGGUUCAAUUCCUCUUCUUAACAAC
0,AAAUAUGUCUGAUAAAAGAGUUACUUUGAUAGAGUAAAUAA
0,AAGGUCAGCUAAAUAAGCUAUCGGGCCCAUACCCCGAAAAU
0,GGGCCCAUACCCCGAAAAUGUUGGUUAUACCCUUCCCGUAC
0,GUAUUAGAAAAACCAUUUCAUAACUUUGUCAAAGUUAAAUU
0,ACUGUAAAGCUAACUUAGCAUUAACCUUUUAAGUUAAAGAU
0,UAAAGGAUAACAGCUAUCCAUUGGUCUUAGGCCCCAAAAAU
0,UUGGGUGCUAAUGGUGGAGUUAAAGACUUUUUCUCUGAUUU
0,AUUAGAAUCUUAGCUUUGGGUGCUAAUGGUGGAGUUAAAGA
0,AAUAGUUUAAAUUAGAAUCUUAGCUUUGGGUGCUAAUGGUG
0,ACAACAGCAGUUCUUUGUAAUAACUGAAAAAGAAUAUUGUU
0,AGAUUCAGACAUUUGGUGUAUGUGCUUGGCUGAGGAACCAA
0,GAAUGUCAAAGUGAAGAAAUUCAAUGAAGCGCGGGUAAACG
0,GGCUUGUCCUGCUACAUUUCUUGGUUCCCUGACCAGGAAGU
0,UCACGCGCACGCUGCUCACCUUCUUCGACCUGGCCUGGCGG
0,GCUAGCUGUGAGAAUUAAUGUGAAUUGCAGGACACAUUGAU
0,GAAGGGAGCAAAGACAUCGCUUCUCGGCCUUUUGGCUAAGA
0,GCAGCCAUUUUUUUUAUCGCUUCUCGGCCUUUUGGCUAAGA
0,CUUUGUCUGAGGACAAUAUAUUAAAUGGAUUUUUGGAGCAG
0,UUAAAGAGAAGUCAUAUCGCUUCUCGGCCUUUUGGCUAAGA
0,AAGAAAAUGGUGAAGCAUACUUACCUGGCAGGGGAGAUAAC
0,CCAGAAUCAUAGAUGUAUACUUACCUGGCAGGGGAGAUACC
0,UAUUAAAGAAAGCCAUGAGCUUUGCGCAGUGGCAGUAUCGU
0,AGAAUUGACUGAGUAAUACUUACCUGGCAGGGGAGACACCA
0,GAUGGCUCUUCCCCUAUCGCUUCUCGGCCUUUUGGCUAAAA
0,AGAAUAUCACCAGCAUCGCUUCUCGGCCUUUUGGCUAAAAU
0,UAGUAUCUGUUCUUAUCAGUUUAAUAUCUGAUAUAUUCUCU
0,CCUGACAACACGCAUACGGUUAAGGCAUUGCCACCUACUUC
0,UCAAAAUGUGAUUGGAUCGCUUCUCGGCCUUUUGGCUAAGA
0,CGUAUAAAUCUUUCGCCUUUUACUAAAGAUUUCCGUGGAGA
0,UUUCGCCUUUUACUAAAGAUUUCCGUGGAGAGGAAUAAUUC
0,GAGGCACAACGUUUCAUACUUACCUGGCAGGGGAGAUACCA
0,UAAUUGAAAACUUUUCCCAAUACCCCGCCAUGACGACUUGA
0,GCGAACAGAACCUUUCCAGCUUUGCGCAGUGGCAGUAUCGU
0,AGGGGGCGUAACAAAUUAGCUUUGCGCAGUGGCAGUAUCGU
0,UUUGAAUCCAGCGAUCCGAGUUCAAAUCUCGGUGGGACCUC
0,CGGAGCUGGGGAUUGUGGGUUCGAGUCCCAUCUGGGUCGCG
0,ACCAUCUGUGGGAUUAUGACUGAACGCCUUUAAGUCAGAAU
0,CCUGCCUGGUUAGCCUCUGUUUCCCAGACAUUGACUCGAGG
0,UGGUGGAGCGAUUUGUCUGGUUAAUUCCGAUAAUAAAUGUC
0,CUCCCUUCACUAACUCUCUUUUCGGACUCAGCCUGCCUGCA
0,GGGCCGAAACGAUCUCAACCUAUUCUCAAACUUUAAAUGGG
0,CUCAACCUAUUCUCAAACUUUAAAUGGGCAAGAAGCCCAGC
0,CUUUCUGACCUUUUGGGUUUUAAGCAGGAGGUGUCAGAAAU
0,AUCGGUUAGCGCGCGGUACUUAUACAGCAGUACAUGCAGAG
0,UACCUCUUAUUUGCAGACCAUUGGAUUUAUGUUAUUGCACU
0,CCCAUUCUUGCGACCCGGGUUCGAUUCCCGGGCGGCGCAUA
0,UGUCAACAGCGCCGCUGGUGUAGUGGUAUCAUGCAAGAUUC
0,CAAGAACGAAAGUCGGAGGUUCGAAGACGAUCAGAUACCGU
0,UAGACCAGAGCGAAAGCAUUUGCCAAGAAUGUUUUCAUUAA
0,UUCGGAACUGAGGCCAUGAUUAAGAGGGACGGCCGGGGGCA
0,CUUUGAAAAAAUUAGAGUGUUCAAAGCAGGCCCAAGCCGCC
0,GAUCAAUUGGAGGGCAAGUCUGGUGCCAGCAGCCGUGGUAA
0,UGGCUUUAAUACUUCUGAAGACACAAUAGCUAAGACCCAAA
0,CCUUUUCUAAGUGCUUACAGACUCUCUGUUUAAUAAUCCAU
0,AGCAGGGAGGGCAGGGUGAGACAUUCAGAGGAAACGACGAC
0,GGUGAGGCUACAGACAGGGGACUUGCAAGCAGGGAGGGCAG
0,AUUGUUAAUUGCUAGCAUGAACCGCGUGGGCUUCUCAGGGU
0,ACAAAGAAGGGGAGGGAGGAACAUGCUUGAAAGGGGUGUGC
0,UAAGUUAGGACAGCCAGCAAACUUGCAUCAGUAUAAAUACA
0,GUGAUCUUACAUAUGGGAGAACUGAGGCACAGAAAUAAGUU
0,CACCGGCCCCUCCCACGCGGACAGAGGUCAGCCUGAGCCCC
0,GCCUUCUCUCCAGGCCCUGAACUUUCUCAAGUUGACCUCAC
0,CUGGAUACCGCAGCUAGGAAUAAUGGAAUAGGACCGCGGUU
0,UGCACCGCUAGAGGUGAAAUUCUUGGACCGGCGCAGUUUGG
0,AGUCGGAGGUUCGAAGACGAUCAGAUACCGUGGUAGUUCUG
0,UUUAGGUUCCGGGGGGAGUACGGUUGCAAAGCUGAAACUUA
0,CCAGGAGUGGAGCCUGCGGCUUAAUUUGACUCAACAUGGGA
0,GUCGGCGUCCCCCAACUUCUUAGAGGGACAAGUGGCCUUCA
0,GGAUGGGGGAUUGCAAUUAUUCCCCAUGAAGGAGGAAUUUC
0,CGAUGAAGAACGCAGCUAGCUGUGAGAACUAAUGUGAAUUG
0,GUCUACACUUUGUUUUUGUAUUGUUGCUCCUGAACAACCUG
0,GUAAACAGGAGAUCCUGGGUUCGAAUCCCAGCGGUGCCUGA
0,CAGAUCAGAAGGUUGCGUGUUCAAAUCACGUCGGGGUCAGC
0,UGGGGUCUCCCCGCGCAGGUUCGAAUCCUGCCGACUACGUC
0,UUAAGGCGAUGGACUAGAAAUCCAUUGGGGUCUCCCCGCGC
0,UGGCCGAGUGGUUAAGGCGAUGGACUAGAAAUCCAUUGGGG
0,AUAACGCCAAGGUCGCGGGUUCGAACCCCGUACGGGCCAGU
0,CGCACAUAAGGUGUGACCUUUUCAUUCCCGUUGUUAUGGAG
0,CAUCAUGCCCAACAAGAGGUUCUAUACCUUUUAAUGAAUUG
0,GAGGCCAUUAAGACUAUACUUUCAGGGAUCAUUUCUAUAGU
0,AAGCUGCUCAUGAUGGCUGGUAUCGAUGACUGCUACACCUC
0,CUGUUCUUAUCAGUUUAAUAUCUGAUACGUCCUCUAUCAGA
0,AGAUCAAGUGUAGUAUCUGUUCUUAUCAGUUUAAUAUCUGA
0,CUUUUGGCUAAGAUCAAGUGUAGUAUCUGUUCUUAUCAGUU
0,AGCCAGCAGGUCCCAUGGUGUAAUGGUUAGCACUCUGGACU
0,UGGUGUAAUGGUUAGCACUCUGGACUUUGAAUCCAGCGAUC
0,UUAGCACUCUGGACUUUGAAUCCAGCGAUCCGAGUUCAAAU
0,GGGGCUGUUAAGGAGUUUGGACUUAAUCCCUGAGGCAAGGA
0,UGAGCAUGGUGGGAAUGGGGACAGAUGGCAGUGUUAAGUAG
0,CAAGGUCAAAGGGAGUCCGAACUAGUCUCAGGCUUCAACAU
0,AUUCGAUGUUGAAGCCUGAGACUAGUUCGGACUCCCUUUGA
0,CUUCAUAGCCGAAUACACAAACAUUAUUAUAAUAAACACCC
0,CCACUACAAUCUUCCUAGGAACAACAUAUAACGCACUCUCC
0,UAUAACGCACUCUCCCCUGAACUCUACACAACAUAUUUUGU
0,CCCUGUUCUUAUGAAUUCGAACAGCAUACCCCCGAUUCCGC
0,CGGUACAGUGAAACUGCGAAUGGCUCAUUAAAUCAGUUAUG
0,ACUGCGAAUGGCUCAUUAAAUCAGUUAUGGUUCUUUUGGUC
0,UGUAAUUGGAAUGAGUCCACUUUAAAUCCUUUAACGAAGAU
0,AUUCCAGCUCCAAUAGCGUAUAUUAAAGUUGCUGCAGUUAA
0,UGCAGUUAAAAAGCUCCUAGUUGGAUCUUGGGAGCGGGCGG
0,GUUCCGCGGCCCAAAGCGUUUACUUUGAAAAAAUUAGAGUG
0,AAGCGUUUACUUUGAAAAAAUUAGAGUGUUCAAAGCAGGUC
0,UCUCCAGCAUUCCCCCUCAAACCUAAGAAAUAUGUCUGAUA
0,CAAAGUAACUCUUUUAUCAGACAUAUUUCUUAGGUUUGAGG
0,AAAGCCCAUAAAAAUAAAAAACUAUAACAAACCCUGAGAAC
0,AACUAUAACAAACCCUGAGAACCAAAAUGAACGAAAAUCUG
0,CGGAUGUGUUUAGGAGUGGGACUUCUAGGGGAUUUAGCGGG
0,UUUCGGUUGUUUUCUAUUAGACUAUGGUGAGCUCAGGUGAU
0,UCUAAUAGAAAACAACCGAAACCAAAUAAUUCAAGCACUGC
0,UGUAGGAGGGUAAAAUAGAGACCCAGUAAAAUUGUAAUAAG
0,UGAAGAGCUUGGUUGCAGAAACUUCGGGGUCUACAAACGCA
0,CAAGAUCACAGGACCACAGGACCGGGGCGAAAUUAAAAUUG
0,AGACAGGGUGGGUCUACUGGACAGGGAGGUAGUAUAGACAG
0,ACCUGGACAAACACACCUGGACACACACACCUAGACACACA
0,AUUUGCAAGUUCUUCCUGUGACUGAACUCCAAAUGGCACUG
0,ACAGGCAGAUCCCAGGAGACACGCAGGGGCCCUAAGAAGGG
0,CGGGGCCCUGCUGGUGCUGAACCACGGCGCGGCGCCACUGC
0,CAGGGGCCCCCGGGCUCCGGACCCCCCACCCCGUCCCGGGA
0,GGAAGACGAGCCCCCCAAAGACUCGGACGGAGAGGACCCCG
0,AGCAGGGGAUCGACGGGGAGACCCUGCCACUGCUGACGGAG
0,CCUGACGUCAGCAGACCGAGACCAGUCCCAGUUCCAGGGGG
0,GGGGAGGCAGUAGACACGGGACAGGCUUUAUUAUUUAUUUU
0,UACACCUGCGCAACGCCAUGACCACUCGCAAGAAGGUGUGU
0,AGUCUGCCGGCACAAGAAGGACACUUUCCUUGGCCCCGUCC
0,GGAGGAAGGAGAAGAUGGGGACAGAGUCCCCAGAGGGCUGA
0,UGUAGGUGACAAGGGUGGAAACAGAGAGACCUUUAGGUUAA
0,GGGCCGUGGCCUUUGCCGAGACUGUAGCAGAGAAAACGUAU
0,CGGGCUGGAGGGUGUGCAGGACGACCUGUUCUGGCUGACCU
0,UGGCUCUGGGGAGGACGGUGACUGUGAGCAGGAGCUGUGCC
0,UGGCAACGCCCGGGGCAAGGACUUCCUGGCAUUGGCGCUGC
0,UGUGUGUAUAUGUGGGGGGGACAUGUAGAUAUGCGUGUGUG
0,CCUCACACCUCUCUGGGUGCAGAGCGGCUCCGGGACGGCUC
0,GCUCCUCCAUUUCCUUGAAAACUGAACGAUUAUUAAAAAUA
0,GGAGAACCAGCAGGGCCAGGACAUUGACGACAACUGGGUGA
0,GGGAUUGGAUUGGAGCCAGGACCUCACUUCCUCCUCUGCCC
0,GCCCGUUGGCGGCGUCACUGACGCUUCGCUCCGGUCCUCGG
0,CCCAGGUUCCAGGAAUCCGAACCCCGGAGUGCUGACGCGGU
0,UGUGCACAGUUUGUUCUUGGACGAGGACUCGUGAGGAUCGA
0,AGCAAAAACCAAAAUGUGUGACUGGGCUUUGGAGGAGACUG
0,GGUCUGUCUCCACCAUCCUGACUGGGCUCCUGAGCUUCAUG
0,UAUCACGGAUUUCCACCCGGACACGUGGAACCCGGCCUGGU
0,ACACACACACACGAGAGAAAACUGCAGUCAGCCAGCGGAAG
0,GUGAUCGGAACAGUAUGUUGACUUAUGGGUACAGGAGGGCC
0,UCUCUUGCCUGCUGCCUGUGACCCUGAAGAACAGAAUUGAU
0,GAGGGCACAGUGGGCGCUGGACCCGGCCCCCCAACUCUCUU
0,GAGGGUGCAGGCAGCAGGAAACCCACAGCCAGCAGCUCCCG
0,CGCGUCCGCGCGCGCGCAGGAUUCCUGCGCUGGAGGCCGCC
0,CCGACCAAGCCUAGCUGCAGACUCCAAAGGGCUCAGGUUUU
0,GGACAAGCUGUGUCACAGAGACUGAGCAGCUCCAGGCGGAC
0,GAAGGCCUUGAUGUGCUUGAACUCAAACAUGUUCCUCUGCA
0,AGAGCUGCGGCCUCAUAGGGACCUUAGCCUCUCAUCUGCUC
0,GCUCCAGGGGGGCCCACGGGACAAAAAGACACCUCAGCCUA
0,UACAUUUUAAACCCAGAAAGACAUCAUUUCUAAUGCCUGGU
0,CACCUCCCAGAUGAUCAAAGACUGCAUGAAGAAGGUGGUGG
0,CUACCGCAAGAUCGCCGUAGACAAGAAGGGCGAGGCCAACU
0,CUGCCCCAUCUUGCUGGAGGACUACCGCAAGAUCGCCGUAG
0,ACGACGGGCCCAUCUACAUGACUCACCCCACCCAGGCCAUC
0,UCACCCAGAACGGCCGCCUAACAGACUUCCUGGACUGUGUG
0,CCAUGCCCUGGCUGGCAGAAACCCUCAACAGCAGUCUGGGC
0,GAAAGUACGUGGAGGACGGGACCGGAAGACGAGAGAGGGCU
0,UAUUUAUUGCCUGGCCGGUGACUCGGGGGAGGAGGCGACCC
0,CUUCCCGCCUGCCUACCAGGACCCGGGCUUUAGCUAUGGCA
0,GCUAUGUAUGAAAACUCAGAACUUGAAUCCCGUCAGCUUAA
0,AUGGAACUGAGGGACCGGUGACACGUGCUUCAGACCGGUCU
0,UGGAAAUGUCUGUCGACUGGACCUUGGUGGAUUUGGAAAUG
0,GGUGAGGCGGGGUUGCAGUGACUGGUGGCCGCAAGCCCUUC
0,CGCCAAGAAAGCCAAGGCGGACAGCCCCGUGAACGGGUAGG
0,AGACCCCUUGUUGAAAUGGGACAGUUGGCAGCGGCUCUGAU
0,UUGAAUUUUGUCCCUUUAAAACUGCUGUACCUGUAUGAUAA
0,UAUACUUUUGUUUAUCUACAACCCAAUAACAGACAUGAGGG
0,CGCACACACACUCCCGGCAGACAGGCACACACACCCCUGCA
0,CGAAACUCUGUCUCAAAAAAACAAACAAAAUAAAUAAGCCA
0,CCUGAAGCUGGCCCAGUUUGACUACGGGAGGAAGUGCUCGG
0,CCAUCACUUACAAACCUUUAACAUUCCUUUUUUUUUUUUUU
0,CGAUCUUUCACACACUGGUGACCCUGAGAGAGGAGGGAGGA
0,GAGAGAGGAGGGAGGAGGGAACCUGGCGGGGGUGUCUGAGG
0,GGUCAAUGUGGACAUCCAGGACAACCACGAGGAGGCCACCC
0,AACCACAUAUGACCAGAUGUACAAUGAUCUUCUUAGGAAAG
0,AACUCCUGGCUGGACGACAAACCAAGUCUCUGUCUCUAAAA
0,CCUUUCCAGCCGGGCGUCAGACUCCCAGACUCUGGCCCCGG
0,CAAGAUCUACAUCGUGAUGAACUAUGUGGAGCACGACCUCA
