1,AAUGGUUAGCACUCUGGACUUUGAAUCCAGCAAUCUGAGUU
1,AGCAGGUCCCAUGGUGUAAUGGUUAGCACUCUGGACUUUGA
1,AGUAGGUAGCGCGUCAGUCUCAUAAUCUGAAGGUCGUGAGU
1,AGUUGGGAGAGCGUUAGACUGAAGAUCUAAAGGUCCCUGGU
1,CAUGGGUUCCAUGGUGUAAUGGUUAGCACUCUGGACUCUGA
1,CUUAAUCCCAGGGUCGUGGGUUCGAGCCCCACGUUGGGCGG
1,GCAAUGGAUAACGCGUCUGACUACGGAUCAGAAGAUUCCAG
1,GUAAUGGUUAGCACUCUGGACUCUGAAUCCAGCGACCCGAG
1,GUAGUGGUUAUCACGUUCGCCUAACACGCGAAAGGUCCCCG
1,UCUCACCGCCGCGGCCCGGGUUCGAUUCCCGGUCAGGGAAA
0,CUCACCGCCGCGGCCCGGGUUCGAUUCCCGGUCAGGGAAGC
0,CUCCCUGGUGGUCUAGUGGUUAGGAUUCGGCGCUCUCACCG
0,GCCGACGCUCCCUGGUGGUCUAGUGGUUAGGAUUCGGCGCU
0,GCCAGCCAGUUUCCGUAGUGUAGUGGUUAUCACGUUCGCCU
0,GUAGUGUAGUGGUUAUCACGUUCGCCUCACACGCGAAAGGU
0,ACACGCGAAAGGUCCCCGGUUCGAAACCGGGCGGAAACAGC
0,AAGAUCUAAAGGUCCCUGGUUCGAUCCCGGGUUUCGGCAAG
0,GGAGAGCGUUAGACUGAAGAUCUAAAGGUCCCUGGUUCGAU
0,UAGCUCAGUUGGGAGAGCGUUAGACUGAAGAUCUAAAGGUC
0,AAUGUGUAGUUUCCGUAGUGUAGUGGUUAUCACGUUCGCCU
0,UUAAUCUCAGGGUCGUGGGUUCGAGCCCCACGUUGGGCGCA
0,GUAGAGCAUGAGACUCUUAAUCUCAGGGUCGUGGGUUCGAG
0,CUAGCUCAGUCGGUAGAGCAUGAGACUCUUAAUCUCAGGGU
0,CUAUCUCUUCCCUGGUGGUCUAGUGGUUAGGAUUCGGCGCU
0,UAGCUCAGUUGGUUAGAGCGUGGUGCUAAUAACGCCAAGGU
0,AUAACGCCAAGGUCGCGGGUUCGAUCCCCGUACGGGCCAAA
0,CUGAAUCCAGCGAUCCGAGUUCAAAUCUCGGUGGAACCUUA
0,UUAGCACUCUGGACUCUGAAUCCAGCGAUCCGAGUUCAAAU
0,UGGUGUAAUGGUUAGCACUCUGGACUCUGAAUCCAGCGAUC
0,GAAGAGGGGGUUCCAUGGUGUAAUGGUUAGCACUCUGGACU
0,CGCCAGCAGGUCCCAUGGUGUAAUGGUUAGCACUCUGGACU
0,ACACGUUUGGCUUGCUGGGUUCAAUGCCCAGCAGCCUCUUA
0,UGGCAGUUUCCCUGGUGGUCUAGUGGUUAGGAUUCGGCGCU
0,UUGAAUCCAGCAAUCUGAGUUCAAAUCUCGGUGGGACCUUU
0,CUUUUGUGGGUCCCAUGGUGUAAUGGUUAGCACUCUGGACU
0,CGGAUCAGAAGAUUCUAGGUUCGACUCCUGGCUGGCUCGAC
0,GACUACGGAUCAGAAGAUUCUAGGUUCGACUCCUGGCUGGC
0,AUAACGCGUCUGACUACGGAUCAGAAGAUUCUAGGUUCGAC
0,GUGGCGCAAUGGAUAACGCGUCUGACUACGGAUCAGAAGAU
0,AUAAUCUGAAGGUCGUGAGUUCGAUCCUCACACGGGGCACA
0,GUAGCGCGUCAGUCUCAUAAUCUGAAGGUCGUGAGUUCGAU
0,CGCAGUAGGUAGCGCGUCAGUCUCAUAAUCUGAAGGUCGUG
0,UAUGUGUAGGUUCCAUGGUGUAAUGGUUAGCACUCUGGACU
0,GGGACAUGGGUUCCAUGGUGUAAUGGUUAGCACUCUGGACU
0,CUGUUUAGCGACAGAGUGGUUCAAUUCCACCUUUCGGGCGG
