1,AAGACAUCAAUUAGUACGGGCGUGUGGUCUAGUGGUAUGAU
1,AAGUGGUUGUUUGGCCGAGCGGUCUAAGGCGCCUGAUUCAA
1,GCGAAAGAUUAGAAAUCUUUUGGGCUUUGCCCGCGCAGGUU
1,UUUUGGCAACUUGGCCGAGUGGUUAAGGCGAAAGAUUAGAA
1,UCGUGGAGGGUUGGCCGAGUGGUCUAAGGCGGCAGACUUAA
1,GAGUGGUCUAAGGCGGCAGACUUAAGAUCUGUUGGACGGUU
1,ACACUUCCAAGAAAUAAGCGCAAGUGGUUUAGUGGUAAAAU
1,AUGUAUCAAGAUUACUAGCGCAAGUGGUUUAGUGGUAAAAU
1,AAAUGGCACUAUGGCCGAGUGGUUAAGGCGAGAGACUCGAA
1,UAAAAAGUUCGGCUAUCUCUUGGGCUCUGCCCGCGCUGGUU
1,GUUUUCAAGUUCACUUAGCGCAAGUGGUUUAGUGGUAAAAU
1,CGACUCUCGGUAGCCAAGUUGGUUUAAGGCGCAAGACUGUA
1,AAAUCCAACAAUUGUGAGCGCAAGUGGUUUAGUGGUAAAAU
1,AGUUGGGAGAGCGCCAGACUGAAGAAAAAACUUUGGUCAAG
1,UUUAGGCACUAUGGCCGAGUGGUUAAGGCGACAGACUUGAA
1,GCGACAGACUUGAAAUCUGUUGGGCUCUGCCCGCGCUGGUU
1,AUAACAACAAAUAGUAAGCGCAAGUGGUUUAGUGGUAAAAU
1,UUAUUUUAUAUAAGUUCGCCAUCUUAGUAUAGUGGUUAGUA
1,GUUCGCCAUCUUAGUAUAGUGGUUAGUACACAUCGUUGUGG
1,UUCUCCAUUGAAAAGUCGCCAUCUUAGUAUAGUGGUUAGUA
1,UAACGCAACAAUAAUUCGGGCGUGUGGUCUAGUGGUAUGAU
1,UUUUCACAAGAAAACAAGCGCAAGUGGUUUAGUGGUAAAAU
1,UCAGAAAAGCAAUUAGGCAUUGGGUUUUACCUGCGCAGGUU
1,UUCUGUCCCAGUGGCCGAGUGGUUAAGGCGAUGCCCUGCUA
1,ACACUCAAUAAUUACCUGCCAUCUUAGUAUAGUGGUUAGUA
1,CAAUGGUAGAGCUUUCGACUCCAAUUAAAUCUUGGAAAUUC
1,AGAUGAAGCGGUGGCUCAAUGGUAGAGCUUUCGACUCCAAU
1,AGUUCAUAAAGAAAUUAGCCAUCUUAGUAUAGUGGUUAGUA
1,UCUCAUAUAAAUAACAAGCGCAAGUGGUUUAGUGGUAAAAU
1,UAAGAUAUAAUCAGUAAGCGCAAGUGGUUUAGUGGUAAAAU
1,UCAUUGUAAAAUCAUAUGCCAUCUUAGUAUAGUGGUUAGUA
1,AACACCAACAGAUACAUGGGCGUGUGGUCUAGUGGUAUGAU
1,AUUCAUAUCAAAAGUAAGCGCAAGUGGUUUAGUGGUAAAAU
1,CGUUUAACAAUUAGUGAGCGCAAGUGGUUUAGUGGUAAAAU
1,CAAUGGGAGUUUGGCCGAGUGGUUUAAGGCGUCAGAUUUAG
1,AAACUUCACAGUUGUUUGCCAUCUUAGUAUAGUGGUUAGUA
1,AGUUCACAAGUUAAUAAGGGCGUGUGGUCUAGUGGUAUGAU
1,GAACGUGAGCUGGGUUUAGACCGUCGUGAGACAGGUUAGUU
1,CCACUAAUAGGGAACGUGAGCUGGGUUUAGACCGUCGUGAG
1,AAUUCGGUAAGCGUUGGAUUGUUCACCCACUAAUAGGGAAC
1,UGCCAGAAAAGUUACCACAGGGAUAACUGGCUUGUGGCAGU
1,CCUCGGAAUUUGAGGCUAGAGGUGCCAGAAAAGUUACCACA
1,CCCUUGAUUUUGAUUUUCAGUGUGAAUACAAACCAUGAAAG
1,AAGCCCCCUUGAUUUUGAUUUUCAGUGUGAAUACAAACCAU
1,GGCGGCACAUCUGUUAAACGAUAACGCAGAUGUCCUAAGGG
1,UCAGGUGGGGAGUUUGGCUGGGGCGGCACAUCUGUUAAACG
1,AAGACCCUGUUGAGCUUGACUCUAGUUUGACAUUGUGAAGA
1,UUCCCACUGUCCCUAUCUACUAUCUAGCGAAACCACAGCCA
1,AUUAACGAGAUUCCCACUGUCCCUAUCUACUAUCUAGCGAA
1,UUAAGGUAGCCAAAUGCCUCGUCAUCUAAUUAGUGACGCGC
1,GACUCUCUUAAGGUAGCCAAAUGCCUCGUCAUCUAAUUAGU
1,GCGGGUAAACGGCGGGAGUAACUAUGACUCUCUUAAGGUAG
1,UGCUCUGAAUGUCAAAGUGAAGAAAUUCAACCAAGCGCGGG
1,GACGCAAUGUGAUUUCUGCCCAGUGCUCUGAAUGUCAAAGU
1,GCCUCUAGUUGAUAGAAUAAUGUAGAUAAGGGAAGUCGGCA
1,UGCAGAUCUUGGUGGUAGUAGCAAAUAUUCAAAUGAGAACU
1,GAACGGCCUCUAGUGCAGAUCUUGGUGGUAGUAGCAAAUAU
1,GUGGGCCAUUUUUGGUAAGCAGAACUGGCGAUGCGGGAUGA
1,AUCGUCGAAUUUGGGUAUAGGGGCGAAAGACUAAUCGAACC
1,GUGCAAAUCGAUCGUCGAAUUUGGGUAUAGGGGCGAAAGAC
1,GGAGGCUCGUAGCGGUUCUGACGUGCAAAUCGAUCGUCGAA
1,AACUCUGGUGGAGGCUCGUAGCGGUUCUGACGUGCAAAUCG
1,UGGGACCCGAAAGAUGGUGAACUAUGCCUGAAUAGGGUGAA
1,GCAUAGCUGUUGGGACCCGAAAGAUGGUGAACUAUGCCUGA
1,UGAAACACGGACCAAGGAGUCUAACGUCUAUGCGAGUGUUU
1,AUGCCGCCCGUCUUGAAACACGGACCAAGGAGUCUAACGUC
1,CCUGCCCUUUGUACACACCGCCCGUCGCUAGUACCGAUUGA
1,UGUAAUUAUUGCUCUUCAACGAGGAAUUCCUAGUAAGCGCA
1,GGAAGUUUGAGGCAAUAACAGGUCUGUGAUGCCCUUAGACG
1,UCUUGAUUUUGUGGGUGGUGGUGCAUGGCCGUUCUUAGUUG
1,UGGGGGGAGUAUGGUCGCAAGGCUGAAACUUAAAGGAAUUG
1,GAUCGAAGAUGAUCAGAUACCGUCGUAGUCUUAACCAUAAA
1,GACGUUUUCAUUAAUCAAGAACGAAAGUUAGGGGAUCGAAG
1,GCGUAUUGCUCGAAUAUAUUAGCAUGGAAUAAUAGAAUAGG
1,AUAUUAAAGUUGUUGCAGUUAAAAAGCUCGUAGUUGAACUU
1,UCUGGUGCCAGCAGCCGCGGUAAUUCCAGCUCCAAUAGCGU
1,AUGUAAAUACCUUAACGAGGAACAAUUGGAGGGCAAGUCUG
1,AAGGAAGGCAGCAGGCGCGCAAAUUACCCAAUCCUAAUUCA
1,AACGGCUACCACAUCCAAGGAAGGCAGCAGGCGCGCAAAUU
1,CUGAGAAACGGCUACCACAUCCAAGGAAGGCAGCAGGCGCG
1,AGUGAAACUGCGAAUGGCUCAUUAAAUCAGUUAUCGUUUAU
1,UUGAUCCUGCCAGUAGUCAUAUGCUUGUCUCAAAGAUUAAG
1,AAAUACCAAUAAAGAUCGCGCAAGUGGUUUAGUGGUAAAAU
1,CUUAACAAUCCAAGUUUGCCAUCUUAGUAUAGUGGUUAGUA
1,AACCACACGAAAUAAUCGGGCGUGUGGUCUAGUGGUAUGAU
1,AUCACCAUAAAAUAAUCGGGCGUGUGGUCUAGUGGUAUGAU
1,UACCAUCAAGAAAUUCAGCGCAAGUGGUUUAGUGGUAAAAU
1,CAGGAUAACAUGAAAGCGCGCAAGUGGUUUAGUGGUAAAAU
1,CUCCCACACAAUACUUCGCGCAAGUGGUUUAGUGGUAAAAU
0,GCGGUCUAAGGCGCCUGAUUCAAGAAAUAUCUUGACCGCAG
0,UACUCAGGUAUCGUAAGAUGCAAGAGUUCGAAUCUCUUAGC
0,AAUCUUUUGGGCUUUGCCCGCGCAGGUUCGAGUCCUGCAGU
0,CUGUUGGACGGUUGUCCGCGCGAGUUCGAACCUCGCAUCCU
0,CGUGCUAAUAACGCGGGGAUCAGCGGUUCGAUCCCGCUAGA
0,AACGUUGCCAUCGUUGGGCCCCCGGUUCGAUUCCGGGCUUG
0,AAUCUUUUGGGCUUUGCCCGCGCAGGUUCGAGUCCUGCAGU
0,CACACUAGUAAUGUGGAGAUCAUCGGUUCAAAUCCGAUUGG
0,GCCUUUACACGGCGAAGAUCCCGAGUUCGAACCUCGGUUGG
0,CUGUUGGACGGUUGUCCGCGCGAGUUCGAACCUCGCAUCCU
0,GCGCUUGUCGCGUGCCAGAUCGGGGUUCAAUUCCCCGUCGC
0,CAGAUUGCAAAUCUGUUGGUCCUUAGUUCGAUCCUGAGUGC
0,CACGCUUUCACCGUGGAGACCGGGGUUCGACUCCCCGUAUC
0,CACGCUUUCACCGUGGAGACCGGGGUUCGACUCCCCGUAUC
0,GCGGUCUAAGGCGCCUGAUUCAAGAAAUAUCUUGACCGCAG
0,UACUCAGGUAUCGUAAGAUGCAAGAGUUCGAAUCUCUUAGC
0,GCGACUGUUAAUCGCAAGAUCGUGAGUUCAACCCUCACUGG
0,AACGUUGCCAUCGUUGGGCCCCCGGUUCGAUUCCGGGCUUG
0,AGGGCUCAUAACCCUGAUGUCCUCGGAUCGAAACCGAGCGG
0,GGGCUCAUAACCCUGAUGUCCUCGGAUCGAAACCGAGCGGC
0,UCGGUUUUGAUCCGGACAACCCCGGUUCGAAUCCGGGUAGG
0,UAUCUCUUGGGCUCUGCCCGCGCUGGUUCAAAUCCUGCUGG
0,CACACUAGUAAUGUGGAGAUCAUCGGUUCAAAUCCGAUUGG
0,AACGUUGCCAUCGUUGGGCCCCCGGUUCGAUUCCGGGCUUG
0,AAGCAAGGAUACCGAAAUGUCAGGGGUUCGAGCCCCCUAUG
0,CACACUAGUAAUGUGGAGAUCAUCGGUUCAAAUCCGAUUGG
0,AAUCUUUUGGGCUUUGCCCGCGCAGGUUCGAGUCCUGCAGU
0,GCCUUUACACGGCGAAGAUCCCGAGUUCGAACCUCGGUUGG
0,CUGUUGGACGGUUGUCCGCGCGAGUUCGAACCUCGCAUCCU
0,UCGGUUUUGAUCCGGACAACCCCGGUUCGAAUCCGGGUAGG
0,GCGCUUGUCGCGUGCCAGAUCGGGGUUCAAUUCCCCGUCGC
0,UGGCUACGAACCAGAAGAUUCCAGGUUCAAGUCCUGGCGGG
0,UCGGUUUUGAUCCGGACAACCCCGGUUCGAAUCCGGGUAGG
0,CGUGCUAAUAACGCGGGGAUCAGCGGUUCGAUCCCGCUAGA
0,UCGGUUUUGAUCCGGACAACCCCGGUUCGAAUCCGGGUAGG
0,UUUAAAAGCAACGCGACCGUCGUGGGUUCAAACCCCACCUC
0,UCACUACGAAAUCUUGAGAUCGGGCGUUCGACUCGCCCCCG
0,AAUCUUUUGGGCUUUGCCCGCGCAGGUUCGAGUCCUGCAGU
0,AACGUUGCCAUCGUUGGGCCCCCGGUUCGAUUCCGGGCUUG
0,CACGUUCUCACCGUGGAGACCGGGGUUCGACUCCCCGCUUC
0,GCCUUCACACGGCAAAGGUCCCGAGUUCGAUCCUCGGUUGG
0,GGUCAAGAUAUCUGGAGGUCCUGUGUUCGAUCCACAGAGUU
0,AAAAACUUUGGUCAAGAUAUCUGGAGGUCCUGUGUUCGAUC
0,CAGUCUCAUAAUCUGAAGGUCGAGAGUUCGAACCUCCCCUG
0,CACACUAGUAAUGUGGAGAUCAUCGGUUCAAAUCCGAUUGG
0,CGUGCUAAUAACGCGGGGAUCAGCGGUUCGAUCCCGCUAGA
0,CACGUUCUCACCGUGGAGACCGGGGUUCGACUCCCCGCUUC
0,CGUGCUAAUAACGCGGGGAUCAGCGGUUCGAUCCCGCUAGA
0,AAUCUGUUGGGCUCUGCCCGCGCUGGUUCAAAUCCUGCUGG
0,GCGCUUGUCGCGUGCCAGAUCGGGGUUCAAUUCCCCGUCGC
0,CACACUAGUAAUGUGGAGAUCAUCGGUUCAAAUCCGAUUGG
0,GCGCUUGUCGCGUGCCAGAUCGGGGUUCAAUUCCCCGUCGC
0,CACGCUUUCACCGUGGAGACCGGGGUUCGACUCCCCGUAUC
0,AACGUUGCCAUCGUUGGGCCCCCGGUUCGAUUCCGGGCUUG
0,AAUCUUUUGGGCUUUGCCCGCGCAGGUUCGAGUCCUGCAGU
0,AGGGCUCAUAACCCUGAUGUCCUCGGAUCGAAACCGAGCGG
0,GGGCUCAUAACCCUGAUGUCCUCGGAUCGAAACCGAGCGGC
0,CACGCUUUCACCGUGGAGACCGGGGUUCGACUCCCCGUAUC
0,AUCGUUGUGGCCGAUGAAACCCUGGUUCGAUUCUAGGAGAU
0,UCGGUUUUGAUCCGGACAACCCCGGUUCGAAUCCGGGUAGG
0,AAUCUGUUGGGCUCUGCCCGCGCUGGUUCAAAUCCUGCUGG
0,CACGCUUUCACCGUGGAGACCGGGGUUCGACUCCCCGUAUC
0,AUCGUUGUGGCCGAUGAAACCCUGGUUCGAUUCUAGGAGAU
0,UGCUUAACACGCAGAACGUCCCCAGUUCGAUCCUGGGCGAA
0,CGUGCUAAUAACGCGGGGAUCAGCGGUUCGAUCCCGCUAGA
0,UGCUUAACACGCAGAACGUCCCCAGUUCGAUCCUGGGCGAA
0,CACGCUUUCACCGUGGAGACCGGGGUUCGACUCCCCGUAUC
0,UGGCUACGAACCAGAAGAUUCCAGGUUCAAGUCCUGGCGGG
0,CGUGCUAAUAACGCGGGGAUCAGCGGUUCGAUCCCGCUAGA
0,GCGACUGUUAAUCGCAAGAUCGUGAGUUCAACCCUCACUGG
0,GGUCAAGUUAUCUGGAGGUCCUGUGUUCGAUCCACAGAAUU
0,AAAAACUUCGGUCAAGUUAUCUGGAGGUCCUGUGUUCGAUC
0,AACGUUGCCAUCGUUGGGCCCCCGGUUCGAUUCCGGGCUUG
0,CCACUACGAAAUCUUGAGAUCGGGCGUUCGACUCGCCCCCG
0,AACGUUGCCAUCGUUGGGCCCCCGGUUCGAUUCCGGGCUUG
0,UAGGCAUUGGGUUUUACCUGCGCAGGUUCGAAUCCUGUCUG
0,CCACUACGAAAUCUUGAGAUCGGGCGUUCGACUCGCCCCCG
0,UGCUUAACACGCAGAACGUCCCCAGUUCGAUCCUGGGCGAA
0,AUCGUUGUGGCCGAUGAAACCCUGGUUCGAUUCUAGGAGAU
0,AAGCAAGGAUACCGAAAUGUCAGGGGUUCGAGCCCCCUAUG
0,GCGGUCUAAGGCGCCUGAUUCAAGCAAUAUCUUGACCGCAG
0,UACUCAGGUAUCGUAAGAUGCAAGAGUUCGAAUCUCUUAGC
0,AUCGUUGUGGCCGAUGAAACCCUGGUUCGAUUCUAGGAGAU
0,CACGCUUUCACCGUGGAGACCGGGGUUCGACUCCCCGUAUC
0,CACGCUUUCACCGUGGAGACCGGGGUUCGACUCCCCGUAUC
0,UGCUUAACACGCAGAACGUCCCCAGUUCGAUCCUGGGCGAA
0,GCGGUCUAAGGCGCCUGAUUCAAGAAAUAUCUUGACCGCAG
0,UACUCAGGUAUCGUAAGAUGCAAGAGUUCGAAUCUCUUAGC
0,GGUCAAGUUAUCUGGAGGUCCUGUGUUCGAUCCACAGAAUU
0,AAAAACUUCGGUCAAGUUAUCUGGAGGUCCUGUGUUCGAUC
0,GCGCUUGUCGCGUGCCAGAUCGGGGUUCAAUUCCCCGUCGC
0,CACGCUUUCACCGUGGAGACCGGGGUUCGACUCCCCGUAUC
0,GCGCUUGUCGCGUGCCAGAUCGGGGUUCAAUUCCCCGUCGC
0,AAUCUUUUGGGCUUUGCCCGCGCAGGUUCGAGUCCUGCAGU
0,AAGCAAGGAUACCGAAAUGUCAGGGGUUCGAGCCCCCUAUG
0,CAGAUUGCAAAUCUGUUGGUCCUUAGUUCGAUCCUGAGUGC
0,GCGACUGUUAAUCGCAAGAUCGUGAGUUCAACCCUCACUGG
0,CGUGCUAAUAACGCGGGGAUCAGCGGUUCGAUCCCGCUAGA
0,UGCUUAACACGCAGAACGUCCCCAGUUCGAUCCUGGGCGAA
0,AACGUUGCCAUCGUUGGGCCCCCGGUUCGAUUCCGGGCUUG
0,CUGCCGGUUCACUAUCUGAGAACGCCACCGAGGACGAUGGC
0,CAGCUCCAGCUUCAACAACAACGACUCUUCCUGCCUCUUCU
0,UUAGAUGUGUUUUGAGUGCUAUUGCCGCCCAUCAGUGAGCC
0,UUCGGAGCGGACUUUGAAAAAGCUAGAGAGUAACCCCAGAA
0,CCUGAAGAAUAUACCAUGGAAACACCAUCUGGGCUGGUUCC
0,CGAUGACCAGCAGGAAUCUCAGCAACAACGUGGCUACACCA
0,UAUCUCUGCUUCUCUUUUUAAAAAAUCGGUGUCGUCAUCUU
0,UAUGUCAAGAUUCCAGUUCGACCGAUUUUUUUGUGAUACCU
0,GAAUGGGUCAAAACGGCAGCAAUUCUAGUUCCCCAGGCGUA
0,ACAGCGUAAAUAAUAUUCAAACCAACUGCGACAACAGCAUC
0,AAUCUCUUCUCUUCCUUUUUAUGUUUCUUAUGCUCCUUUUU
0,AGUAAUAAUGGAGGCAAAAAAGUCUGCAGAUUAGUUUCGAA
0,UCCACGAGCACAUCAUCAUCAUCAUCAUCAACUCCAACCAC
0,GAAAUGCCCAUAAGGUGAUAAGAUCUACACGGGAAUGGUAC
0,CAUCGAUACACGAGUCAAAAAGGCCCAUGUGGUUUCGUAGU
0,UCAAGAGCGUUCAACUUUACACGCCACGACCAUGAUGACAA
0,GUGUGCAGUCAAGUUCCCCGAACCCAAAAAUAUCAGUGUGU
0,CCUUUGAAGAAACGACACAGAUCCCAGCAACACAAUGACCA
0,GUCGGCCUCUUUCAAAUGGCAAAAUCAAUAAUUCUACCCAC
0,AGCUGCGGGAGCAGAGAUUAAAAGAGAACGUAACACAGACG
0,AUCAUUAAUUGGUAACAUGAAACCAGAGUACCACGCAACUG
0,CCGUUUGCACGGGUGCUGCCAAAUCGCCUAAUGAAGUCUGU
0,GGCAAUUCACCCUACACUACACCCCAAUUGAAUCAGCAGGA
0,UUAAAAUCAACGUUUCCUAAAUCUUUCAAUUUCCCUUUCAA
0,CAGAGUGGUUCCCAUGGACAAGAUUAAAAAAGUUGGCGUAG
0,CGUUUCCGUUUAUAUUGGUGAGGUUGUUAACUGCUAGAGUG
0,UGGUCUUUUAAAAGAGGUCAAUGAAUGCGAGGAAGCUGAUU
0,AUGUUGACCAUUCCUUGGUCAGCCAAAGAAGGGUGGGGCAC
0,CAGCGAUAAUUCUUCCAAUAAAAUACUGAUACCACUUAUCU
0,AUGUUUGUUCAAAAGAAGAUAGGUUAAGCCAGUACCAGCAC
0,GUGAUUUGAUUUGCGCUAUUAUCCUAAACACAGGAGCAUUG
0,GUCGACGGAAUGUUUGAAUGAUGGACUUAAUGGUUCAAUCU
0,GCACAUUCUCAUCAAACAGCAAGAAUAAUAACUAGCAACGU
0,UCCUCAGAUGCAACUUUGCAACUCUAAAAACGAUCUUCAAC
0,GUUCUGGACAAUCAAGAAACACAAAACAUUACCGACGUAAA
0,ACGAAUCGCAGGAUCACGCGAACCCCGUCAACCGUGAUGAA
0,CAGUACUUCAAUAUCAAAUAACGGAAGUGAAAUAGUGUCCA
0,UGUUUUUACCCGAUGAAGUCAUUAACAGACAUGUCAGGUUU
0,CAAUAAGUUCACAGAUCUUAAACCUUUCAAAUCCCAACGGU
0,AGUGAUGUUAAAUUCCCCUCAAACACUACUACACAAAUCCA
0,UACACCUGUCGCCGCCUUGGACCAGCUAACAACUACCAUUU
0,UUAUUCUGCGCUGACGAGGAAACGUCCGAAUUGGAAUCCAC
0,UCAAGACAUGUAUUCAGGGUAUAAACUCCCCACUCUCCUCU
0,GAGGCCAAUCAUGAUGGCGAAUUUAAUGACUCAACGCAUCA
0,UAGUAGUAGUGGUAAUGGCGAAAGAAAAGUUCCCAUGGAUU
0,UCAAAAACAUGUCCAGAAGAAUCCUUAACAUUCCAUACAGC
0,AUGAGGUACCAAAAGUCAAGAAGCGUCACGAACAAAAUAGU
0,GCGUAAAACUGGUGCUUAGUAAUGUUUUGCUUACGGAGAGG
0,CUUUACAUUGGCUGCAUUCAACGUUAGAGCCUAAUACGGCA
0,AGAAUACGAGAACAAUGGAGAGAGUAAUAGCCAACUGCAGC
0,GCAUGCCAUACACGAGAUAGACGAGCGGCUUGCGAAAGUGA
0,AAAGCCGAAGGUGUUGUAAAAUGAUGUAUUUCUGUAGAUGC
0,CUUAUAUCUUUCGUCAUCAAAUAUGUCAAGUUUCACUUUAA
0,AGUAGUAGGUUCAGCGGAUGAAGUGACUUGACUAGACCUGG
0,UUAGAACUGGCUCCGCGGUUACGUCUUCAUUCUUGAUUUCA
0,UGUCGGGGAAUGGCGACUUGAUAGAAGCGGUAUGUGGUCUA
0,UACUUCGGAGAACCUGACAAAAUUUCCGUCUUCCAACCCGU
0,GCUUUUGAUCUGGAGGUCCCAUGCGCAAUCGCCAAAACUUU
0,GGAUUGGGAACCCCUGUGGUAAUGGUGGCAUUGGGCCGUUA
0,GCCUUGUUGAAUUCUGGUGAAUUGCCUGGUGUUAAUGAGGA
0,ACACACAAUACCAUCCCGAAAAUGGUUCAUUAUACCCCCAC
0,UCAUGAUUACAAAAUAAACAAUUGAAUUUCGUAUCUAAUUU
0,UGUGGAAGCAGAGUAAAUUAACUCCCCCAAGAUUUGUGAAG
0,GUUUUCUUGCUGGUUGUUAUAUGCAAAGGUUUUCAAUUGCU
0,AGCAUAGACGAGACACUGCAACGCUUAGUGAGAGAGAAGGA
0,CAAAACGGUCAGGAACAGCAAAGUCCAAAUCAAGGUGUUGC
0,AUUGAACCUCUGGAGGCAUCACUGCCAUCACAGGGAAAGAA
0,GGCAUCUGCUUGACCAGUUCAGUGAUGUUGUAGACCUCGUG
0,UACGAAGCCGGGCCAGCAGCAUUGUUUGCGGCGGCCGCAGC
0,ACAACAACAGCAGCAGCAGCAGCAACAACAGCAACAACAAC
0,CGUUUUCCCGUCUUCCCCAGAAAUUCAUCGAUUCUUCCAAA
0,UAAGAUCAAAGUCAAGUUCCAAGUUGGACAAAGGGACACUU
0,ACAUCUGAUAUUGAGAAGACAAACUCCUUAGAGAGCGAACA
0,UGUUCAUUUGACAGGUGGCUAUAAGCUAUCGCGUGCUGCUU
0,UAGCAAUGUCUUCGCAUCCAAACAGCUGGUCGCAAACAUUU
0,AAAAAAAAUCGUGCCAGUCUACACGCAACAUCAGUGUUACC
0,UUGAGGGCAAGACAGUCUCGAGGAAAAGAAAGGCGAACACU
0,UUCUCAUCCGCUAUCAUAUCAAUGUCGUUAGAUUCAUCCUC
0,AAAGAGCUAUGGCUCACGUUAACUCCAAUCAAGUUUUGAUC
0,UGUCUUUGCUAUAUUGUUUGAAGUUGUUAGCGCUUAUGGUA
0,GCAGUCGAGCGCAAUGCCGCAGCGGUGACAGAAGGUUGACU
0,UCACGGCUUGGUUAAACUUCAACUUCCUGGGGAAUUGUUCC
0,ACUAGUGUCCAACAUCAUAAAGCCGUCUCCCAAAAAGUUAG
0,CGCUUAUGUAUUCUGGCGUCAGUAACGAUUUGUCACAUAAA
0,GCUGGUUUUUUUUGAACUGGAGAAUCUAGCUCAUCUUCAUU
0,CCAAAAACCCAGAAAAUUCAACAUUGCUAACUAGGACUCCA
0,GGACCAAUAACACCUACAACACCCAGGUCUAAGAAUGCAGA
0,GUAGAAUCUGAGCGUAUAUCAGAAUCGGCGAUUGGAUGUUG
0,UGGGAUUGUGUAAGUUGGAUACGCUAGCGUGCCGACAUCCU
